index,folder_name,filename
0,cristiano_ronaldo,002d1969db.jpg
1,cristiano_ronaldo,00f4f88ab0.jpg
2,cristiano_ronaldo,02fef0c068.jpg
3,cristiano_ronaldo,036e267689.jpg
4,cristiano_ronaldo,03eacf0178.jpg
5,cristiano_ronaldo,04225e852a.jpg
6,cristiano_ronaldo,04d7445cbf.jpg
7,cristiano_ronaldo,050b5d76a8.jpg
8,cristiano_ronaldo,064ae9b79a.jpg
9,cristiano_ronaldo,07cd95ee60.jpg
10,cristiano_ronaldo,084fa35daa.jpg
11,cristiano_ronaldo,094366e965.jpg
12,cristiano_ronaldo,0abb01d302.jpg
13,cristiano_ronaldo,0b03cab195.jpg
14,cristiano_ronaldo,0b27178612.jpg
15,cristiano_ronaldo,0b50f13fe1.jpg
16,cristiano_ronaldo,0c1aea55a8.jpg
17,cristiano_ronaldo,0c503b32ff.jpg
18,cristiano_ronaldo,0c638c7045.jpg
19,cristiano_ronaldo,0c7baede61.jpg
20,cristiano_ronaldo,0caaf67998.jpg
21,cristiano_ronaldo,0d6459f1a6.jpg
22,cristiano_ronaldo,0fafadc75d.jpg
23,cristiano_ronaldo,0fe476bfad.jpg
24,cristiano_ronaldo,102ec5c983.jpg
25,cristiano_ronaldo,11523a753d.jpg
26,cristiano_ronaldo,11aea6f7bf.jpg
27,cristiano_ronaldo,11cbba3431.jpg
28,cristiano_ronaldo,11d8d87af8.jpg
29,cristiano_ronaldo,127a527873.jpg
30,cristiano_ronaldo,14405ba91d.jpg
31,cristiano_ronaldo,1472f54893.jpg
32,cristiano_ronaldo,15a9ec092e.jpg
33,cristiano_ronaldo,16cc612771.jpg
34,cristiano_ronaldo,17272021b5.jpg
35,cristiano_ronaldo,1754c244a5.jpg
36,cristiano_ronaldo,1765a936e1.jpg
37,cristiano_ronaldo,17c7768b63.jpg
38,cristiano_ronaldo,194a87a154.jpg
39,cristiano_ronaldo,1ad6660a7e.jpg
40,cristiano_ronaldo,1bf6f46de2.jpg
41,cristiano_ronaldo,1d466b918c.jpg
42,cristiano_ronaldo,1d591ced1c.jpg
43,cristiano_ronaldo,1d9d4e6b9a.jpg
44,cristiano_ronaldo,1de600877a.jpg
45,cristiano_ronaldo,2008650582.jpg
46,cristiano_ronaldo,20098b9920.jpg
47,cristiano_ronaldo,2095020821.jpg
48,cristiano_ronaldo,2233d6a6c9.jpg
49,cristiano_ronaldo,227f19eaa4.jpg
50,cristiano_ronaldo,2288a86bdb.jpg
51,cristiano_ronaldo,23e837997d.jpg
52,cristiano_ronaldo,2581b2ea0a.jpg
53,cristiano_ronaldo,25e039a893.jpg
54,cristiano_ronaldo,26824b980e.jpg
55,cristiano_ronaldo,26c116ef27.jpg
56,cristiano_ronaldo,28bae34b5e.jpg
57,cristiano_ronaldo,28c2fb3a91.jpg
58,cristiano_ronaldo,29e4f1520c.jpg
59,cristiano_ronaldo,2a1068f07f.jpg
60,cristiano_ronaldo,2ac674139f.jpg
61,cristiano_ronaldo,2ae15152d9.jpg
62,cristiano_ronaldo,2e586238f0.jpg
63,cristiano_ronaldo,2e991ec9f9.jpg
64,cristiano_ronaldo,2ecbef58f8.jpg
65,cristiano_ronaldo,2f330b88cc.jpg
66,cristiano_ronaldo,2f34a0225c.jpg
67,cristiano_ronaldo,30364025ed.jpg
68,cristiano_ronaldo,3055c67171.jpg
69,cristiano_ronaldo,307725c0f7.jpg
70,cristiano_ronaldo,30a0bf91f0.jpg
71,cristiano_ronaldo,30b36bc882.jpg
72,cristiano_ronaldo,30bcb9bdd6.jpg
73,cristiano_ronaldo,330a46dc63.jpg
74,cristiano_ronaldo,337b5868d8.jpg
75,cristiano_ronaldo,35bc6489d7.jpg
76,cristiano_ronaldo,35cf061cc8.jpg
77,cristiano_ronaldo,360e87039e.jpg
78,cristiano_ronaldo,367cebc822.jpg
79,cristiano_ronaldo,3729673af3.jpg
80,cristiano_ronaldo,38b651e8e6.jpg
81,cristiano_ronaldo,38ba1fc437.jpg
82,cristiano_ronaldo,394aeb85ec.jpg
83,cristiano_ronaldo,39babf59eb.jpg
84,cristiano_ronaldo,3bc36aa43d.jpg
85,cristiano_ronaldo,3cc10435cf.jpg
86,cristiano_ronaldo,3ce1498842.jpg
87,cristiano_ronaldo,3cebda7e0c.jpg
88,cristiano_ronaldo,3d68837cda.jpg
89,cristiano_ronaldo,3d978b2bcd.jpg
90,cristiano_ronaldo,3d9bdb521e.jpg
91,cristiano_ronaldo,3e3ff46b64.jpg
92,cristiano_ronaldo,4020c925f9.jpg
93,cristiano_ronaldo,42a87ba401.jpg
94,cristiano_ronaldo,42dece15b6.jpg
95,cristiano_ronaldo,43e8e7b885.jpg
96,cristiano_ronaldo,43ea2750b2.jpg
97,cristiano_ronaldo,4451054295.jpg
98,cristiano_ronaldo,4491b12918.jpg
99,cristiano_ronaldo,4498c32784.jpg
100,cristiano_ronaldo,45c472ac6e.jpg
101,cristiano_ronaldo,466a2a29d9.jpg
102,cristiano_ronaldo,47af36c5a1.jpg
103,cristiano_ronaldo,482dc57116.jpg
104,cristiano_ronaldo,4a6ab6bad8.jpg
105,cristiano_ronaldo,4b4f0a4bee.jpg
106,cristiano_ronaldo,4b87e8ce6d.jpg
107,cristiano_ronaldo,4ba2c27b91.jpg
108,cristiano_ronaldo,4bff1c2f04.jpg
109,cristiano_ronaldo,4c8766a227.jpg
110,cristiano_ronaldo,4ea596e9e6.jpg
111,cristiano_ronaldo,4f05a855c0.jpg
112,cristiano_ronaldo,4f5f556e2d.jpg
113,cristiano_ronaldo,4faaeed5aa.jpg
114,cristiano_ronaldo,506a8d9f8d.jpg
115,cristiano_ronaldo,52a4e2804c.jpg
116,cristiano_ronaldo,54068f8ccf.jpg
117,cristiano_ronaldo,542eee16b5.jpg
118,cristiano_ronaldo,56625c4f7b.jpg
119,cristiano_ronaldo,571932067f.jpg
120,cristiano_ronaldo,571e4a916e.jpg
121,cristiano_ronaldo,5762899ec0.jpg
122,cristiano_ronaldo,5767bc78a3.jpg
123,cristiano_ronaldo,57c2441fd5.jpg
124,cristiano_ronaldo,57fa8ef9b0.jpg
125,cristiano_ronaldo,588dc58a39.jpg
126,cristiano_ronaldo,5aa617017b.jpg
127,cristiano_ronaldo,5ac888dca4.jpg
128,cristiano_ronaldo,5ae5bc4be7.jpg
129,cristiano_ronaldo,5b5185a8e5.jpg
130,cristiano_ronaldo,5be2590dbf.jpg
131,cristiano_ronaldo,5c60e07965.jpg
132,cristiano_ronaldo,5d6b15640c.jpg
133,cristiano_ronaldo,5dd79d3f08.jpg
134,cristiano_ronaldo,5df4b84a0d.jpg
135,cristiano_ronaldo,5e0e64c142.jpg
136,cristiano_ronaldo,5e1d35330d.jpg
137,cristiano_ronaldo,5ed3a9b6b1.jpg
138,cristiano_ronaldo,5f6b1f878a.jpg
139,cristiano_ronaldo,6055fe8e8e.jpg
140,cristiano_ronaldo,60b2bd4e8d.jpg
141,cristiano_ronaldo,6179bfc3d3.jpg
142,cristiano_ronaldo,625f438739.jpg
143,cristiano_ronaldo,62626385a0.jpg
144,cristiano_ronaldo,63984b6938.jpg
145,cristiano_ronaldo,6422862688.jpg
146,cristiano_ronaldo,6495083c62.jpg
147,cristiano_ronaldo,65b808a6b5.jpg
148,cristiano_ronaldo,65c1b8d5f0.jpg
149,cristiano_ronaldo,660f27d23a.jpg
150,cristiano_ronaldo,6656118fc4.jpg
151,cristiano_ronaldo,666a5aa14c.jpg
152,cristiano_ronaldo,67227e9fb6.jpg
153,cristiano_ronaldo,67eab4e4d3.jpg
154,cristiano_ronaldo,68c5d358b2.jpg
155,cristiano_ronaldo,68df61ffdb.jpg
156,cristiano_ronaldo,697f470c81.jpg
157,cristiano_ronaldo,6b244ddcee.jpg
158,cristiano_ronaldo,6be6f69e8e.jpg
159,cristiano_ronaldo,6c5b22f15a.jpg
160,cristiano_ronaldo,6c960493b2.jpg
161,cristiano_ronaldo,6d689cdf34.jpg
162,cristiano_ronaldo,6e1e9adc99.jpg
163,cristiano_ronaldo,6f298129a7.jpg
164,cristiano_ronaldo,6fabb7b669.jpg
165,cristiano_ronaldo,7116affaf5.jpg
166,cristiano_ronaldo,717ce1263b.jpg
167,cristiano_ronaldo,722f06df13.jpg
168,cristiano_ronaldo,724599acaf.jpg
169,cristiano_ronaldo,78189778fa.jpg
170,cristiano_ronaldo,793232d652.jpg
171,cristiano_ronaldo,7960fe1451.jpg
172,cristiano_ronaldo,7aec8a3b0d.jpg
173,cristiano_ronaldo,7b40212e50.jpg
174,cristiano_ronaldo,7c0071c44b.jpg
175,cristiano_ronaldo,7cc74a3572.jpg
176,cristiano_ronaldo,7cd8530ca1.jpg
177,cristiano_ronaldo,7d07d901cc.jpg
178,cristiano_ronaldo,7ed1d168f5.jpg
179,cristiano_ronaldo,7f315c9946.jpg
180,cristiano_ronaldo,7f88fa0437.jpg
181,cristiano_ronaldo,8148cbb39e.jpg
182,cristiano_ronaldo,822a699f69.jpg
183,cristiano_ronaldo,82503216c5.jpg
184,cristiano_ronaldo,8273ac97ea.jpg
185,cristiano_ronaldo,8323dfff83.jpg
186,cristiano_ronaldo,840bac47f3.jpg
187,cristiano_ronaldo,84df3a398b.jpg
188,cristiano_ronaldo,8516cbb594.jpg
189,cristiano_ronaldo,853f269a60.jpg
190,cristiano_ronaldo,859403fb22.jpg
191,cristiano_ronaldo,85bbd4394a.jpg
192,cristiano_ronaldo,8737c5dcf3.jpg
193,cristiano_ronaldo,877b0b5b99.jpg
194,cristiano_ronaldo,8bd598fa99.jpg
195,cristiano_ronaldo,8cae239fa8.jpg
196,cristiano_ronaldo,8dbde2c661.jpg
197,cristiano_ronaldo,8df1e504f0.jpg
198,cristiano_ronaldo,91ca32cdb2.jpg
199,cristiano_ronaldo,91f0bc6100.jpg
200,cristiano_ronaldo,922caa9de1.jpg
201,cristiano_ronaldo,9304d1924f.jpg
202,cristiano_ronaldo,932dabe01b.jpg
203,cristiano_ronaldo,94cfd088c0.jpg
204,cristiano_ronaldo,9553051de1.jpg
205,cristiano_ronaldo,964683acec.jpg
206,cristiano_ronaldo,9708f73745.jpg
207,cristiano_ronaldo,97f03d03ea.jpg
208,cristiano_ronaldo,985deca382.jpg
209,cristiano_ronaldo,98e60d62a6.jpg
210,cristiano_ronaldo,9a4a53b044.jpg
211,cristiano_ronaldo,9e33b57f0c.jpg
212,cristiano_ronaldo,9eb680a90b.jpg
213,cristiano_ronaldo,9f2a99961f.jpg
214,cristiano_ronaldo,a0074a49e0.jpg
215,cristiano_ronaldo,a0339ef8e8.jpg
216,cristiano_ronaldo,a0a060b732.jpg
217,cristiano_ronaldo,a17c0d2479.jpg
218,cristiano_ronaldo,a27a839b82.jpg
219,cristiano_ronaldo,a36b1d1261.jpg
220,cristiano_ronaldo,a3d46994b0.jpg
221,cristiano_ronaldo,a42090c0b1.jpg
222,cristiano_ronaldo,a635307540.jpg
223,cristiano_ronaldo,a70b933f2b.jpg
224,cristiano_ronaldo,a7c0156c5f.jpg
225,cristiano_ronaldo,a7cfe4fd71.jpg
226,cristiano_ronaldo,aa4003a862.jpg
227,cristiano_ronaldo,aa617bee5c.jpg
228,cristiano_ronaldo,aa8e0d0738.jpg
229,cristiano_ronaldo,aad2c0eef6.jpg
230,cristiano_ronaldo,ab1b586444.jpg
231,cristiano_ronaldo,abb46bce43.jpg
232,cristiano_ronaldo,ac3b13a60a.jpg
233,cristiano_ronaldo,ac684b6cdb.jpg
234,cristiano_ronaldo,ae440e252b.jpg
235,cristiano_ronaldo,ae8cbecde2.jpg
236,cristiano_ronaldo,af7875d154.jpg
237,cristiano_ronaldo,afb8000275.jpg
238,cristiano_ronaldo,afd7ce233a.jpg
239,cristiano_ronaldo,b0480df3bf.jpg
240,cristiano_ronaldo,b051040a0f.jpg
241,cristiano_ronaldo,b147dfed44.jpg
242,cristiano_ronaldo,b15c2c36c0.jpg
243,cristiano_ronaldo,b197a32bad.jpg
244,cristiano_ronaldo,b1cf8200db.jpg
245,cristiano_ronaldo,b22762eb66.jpg
246,cristiano_ronaldo,b262da49d8.jpg
247,cristiano_ronaldo,b2eec81013.jpg
248,cristiano_ronaldo,b30c5a3b39.jpg
249,cristiano_ronaldo,b3ffc8fd99.jpg
250,cristiano_ronaldo,b42aa0bcdc.jpg
251,cristiano_ronaldo,b47d830547.jpg
252,cristiano_ronaldo,b5141febac.jpg
253,cristiano_ronaldo,b59344edfd.jpg
254,cristiano_ronaldo,b6901831f1.jpg
255,cristiano_ronaldo,b6db1f26d9.jpg
256,cristiano_ronaldo,b7c6a188f4.jpg
257,cristiano_ronaldo,b824494740.jpg
258,cristiano_ronaldo,b8eae46eeb.jpg
259,cristiano_ronaldo,ba23b7bd08.jpg
260,cristiano_ronaldo,ba2ea45644.jpg
261,cristiano_ronaldo,ba4443d44c.jpg
262,cristiano_ronaldo,bbb06f4d39.jpg
263,cristiano_ronaldo,bbcd509ce3.jpg
264,cristiano_ronaldo,bc8ee1cb03.jpg
265,cristiano_ronaldo,bca60ac4e8.jpg
266,cristiano_ronaldo,be85aa5d53.jpg
267,cristiano_ronaldo,befc02fde9.jpg
268,cristiano_ronaldo,c0b2ed60f0.jpg
269,cristiano_ronaldo,c2664226e1.jpg
270,cristiano_ronaldo,c36ff73d18.jpg
271,cristiano_ronaldo,c37cf797ff.jpg
272,cristiano_ronaldo,c3a9f9f98c.jpg
273,cristiano_ronaldo,c47430c5de.jpg
274,cristiano_ronaldo,c4ae4a478c.jpg
275,cristiano_ronaldo,c55e8afe81.jpg
276,cristiano_ronaldo,c6297e1dca.jpg
277,cristiano_ronaldo,c682668d4b.jpg
278,cristiano_ronaldo,c6bedc9a40.jpg
279,cristiano_ronaldo,c7f5b0ef73.jpg
280,cristiano_ronaldo,c853e3a4bb.jpg
281,cristiano_ronaldo,c904ab1af9.jpg
282,cristiano_ronaldo,c90e4f84d3.jpg
283,cristiano_ronaldo,c9eec5a545.jpg
284,cristiano_ronaldo,cd5b172fee.jpg
285,cristiano_ronaldo,cd7173b329.jpg
286,cristiano_ronaldo,cf39f923c3.jpg
287,cristiano_ronaldo,cf48382b8f.jpg
288,cristiano_ronaldo,d147a84d67.jpg
289,cristiano_ronaldo,d238816402.jpg
290,cristiano_ronaldo,d27a85c453.jpg
291,cristiano_ronaldo,d2face4da3.jpg
292,cristiano_ronaldo,d4e33afaef.jpg
293,cristiano_ronaldo,d50444336d.jpg
294,cristiano_ronaldo,d5b26ba1cb.jpg
295,cristiano_ronaldo,d819329b35.jpg
296,cristiano_ronaldo,d82a4e8fdb.jpg
297,cristiano_ronaldo,da84c06a27.jpg
298,cristiano_ronaldo,db6a62b861.jpg
299,cristiano_ronaldo,dc20209f65.jpg
300,cristiano_ronaldo,dc96a28066.jpg
301,cristiano_ronaldo,dd0a26c175.jpg
302,cristiano_ronaldo,dd79aec99e.jpg
303,cristiano_ronaldo,de07bd583d.jpg
304,cristiano_ronaldo,de170e7db4.jpg
305,cristiano_ronaldo,df32e215c3.jpg
306,cristiano_ronaldo,df451f8d54.jpg
307,cristiano_ronaldo,e04ea4196e.jpg
308,cristiano_ronaldo,e1573b099a.jpg
309,cristiano_ronaldo,e1aa395a45.jpg
310,cristiano_ronaldo,e26bfc5201.jpg
311,cristiano_ronaldo,e3261ded91.jpg
312,cristiano_ronaldo,e4d22237a9.jpg
313,cristiano_ronaldo,e55c69c614.jpg
314,cristiano_ronaldo,e772601193.jpg
315,cristiano_ronaldo,e79d5e9320.jpg
316,cristiano_ronaldo,e88949ee9b.jpg
317,cristiano_ronaldo,e99bef7ea5.jpg
318,cristiano_ronaldo,e9e7d29a1b.jpg
319,cristiano_ronaldo,ea488c8ac8.jpg
320,cristiano_ronaldo,eab83d541a.jpg
321,cristiano_ronaldo,eb6b56f79c.jpg
322,cristiano_ronaldo,ec001bfbbd.jpg
323,cristiano_ronaldo,ec285e872b.jpg
324,cristiano_ronaldo,ec3e823725.jpg
325,cristiano_ronaldo,edd27b9681.jpg
326,cristiano_ronaldo,ef8cbe6a6c.jpg
327,cristiano_ronaldo,f058e33ee8.jpg
328,cristiano_ronaldo,f0e715bd7b.jpg
329,cristiano_ronaldo,f17e28d7b0.jpg
330,cristiano_ronaldo,f261072801.jpg
331,cristiano_ronaldo,f33610c07c.jpg
332,cristiano_ronaldo,f48814cf04.jpg
333,cristiano_ronaldo,f4c9e2c3df.jpg
334,cristiano_ronaldo,f4edfbd293.jpg
335,cristiano_ronaldo,f56dc83920.jpg
336,cristiano_ronaldo,f719b07e5f.jpg
337,cristiano_ronaldo,f9b8fec714.jpg
338,cristiano_ronaldo,fa08478cce.jpg
339,cristiano_ronaldo,fa69a35e1c.jpg
340,cristiano_ronaldo,fb36e28f40.jpg
341,cristiano_ronaldo,fb61cd3e1c.jpg
342,cristiano_ronaldo,fc4b30bcee.jpg
343,cristiano_ronaldo,fc5fe2d928.jpg
344,cristiano_ronaldo,fcf928bba0.jpg
345,cristiano_ronaldo,fdeccdc4ba.jpg
346,lionel_messi,0005ec2377.jpg
347,lionel_messi,0082da54a0.jpg
348,lionel_messi,01eb0b6eaf.jpg
349,lionel_messi,024bf4e72f.jpg
350,lionel_messi,02f169fe68.jpg
351,lionel_messi,03af636fb3.jpg
352,lionel_messi,04273c56b2.jpg
353,lionel_messi,04e0263d75.jpg
354,lionel_messi,09687c5dff.jpg
355,lionel_messi,0c172bf9af.jpg
356,lionel_messi,0c76b4b96c.jpg
357,lionel_messi,0d66e544f4.jpg
358,lionel_messi,0d6f76a623.jpg
359,lionel_messi,0e0b2817c3.jpg
360,lionel_messi,0f6b3b9bd0.jpg
361,lionel_messi,11abead3c8.jpg
362,lionel_messi,1234054007.jpg
363,lionel_messi,137d8b48e7.jpg
364,lionel_messi,139812fdde.jpg
365,lionel_messi,15099b8bd4.jpg
366,lionel_messi,155d79c8b3.jpg
367,lionel_messi,157d507095.jpg
368,lionel_messi,163940014a.jpg
369,lionel_messi,167b53faa3.jpg
370,lionel_messi,16ff1c11b6.jpg
371,lionel_messi,184cb5ddd2.jpg
372,lionel_messi,1a026cb13e.jpg
373,lionel_messi,1b56014fc2.jpg
374,lionel_messi,1d7ec72144.jpg
375,lionel_messi,1ddf3e2472.jpg
376,lionel_messi,1df2cac625.jpg
377,lionel_messi,1f86b7e5db.jpg
378,lionel_messi,1fbef17390.jpg
379,lionel_messi,20bb8bb896.jpg
380,lionel_messi,20f51e2034.jpg
381,lionel_messi,21495c2199.jpg
382,lionel_messi,21dc24292e.jpg
383,lionel_messi,21e4f3f5bf.jpg
384,lionel_messi,21e55c403a.jpg
385,lionel_messi,230910912d.jpg
386,lionel_messi,232efd6ec8.jpg
387,lionel_messi,251744f31f.jpg
388,lionel_messi,2566960e58.jpg
389,lionel_messi,2574cead2c.jpg
390,lionel_messi,25d2221707.jpg
391,lionel_messi,25dc54b5c6.jpg
392,lionel_messi,28d54c012c.jpg
393,lionel_messi,29cc18585e.jpg
394,lionel_messi,2ad2ce79fb.jpg
395,lionel_messi,2c3e998d88.jpg
396,lionel_messi,2c98842b97.jpg
397,lionel_messi,2e356cf1ff.jpg
398,lionel_messi,2ed57f7b94.jpg
399,lionel_messi,3119b18d0f.jpg
400,lionel_messi,31607c46b9.jpg
401,lionel_messi,3171573372.jpg
402,lionel_messi,339edc4b7d.jpg
403,lionel_messi,33b0fcdda0.jpg
404,lionel_messi,3454324996.jpg
405,lionel_messi,3472f65102.jpg
406,lionel_messi,38c5148d8f.jpg
407,lionel_messi,38e9ff435f.jpg
408,lionel_messi,39be3aafea.jpg
409,lionel_messi,3a58b1e642.jpg
410,lionel_messi,3b63da4cee.jpg
411,lionel_messi,3c46bfe8d2.jpg
412,lionel_messi,3c7ca57a47.jpg
413,lionel_messi,3d02621329.jpg
414,lionel_messi,3d65826fd8.jpg
415,lionel_messi,3dde00edee.jpg
416,lionel_messi,3f29b9a6cc.jpg
417,lionel_messi,3f31091db5.jpg
418,lionel_messi,400e6dde7e.jpg
419,lionel_messi,4015d2706b.jpg
420,lionel_messi,408ce04e25.jpg
421,lionel_messi,409c365a96.jpg
422,lionel_messi,42170fa2cd.jpg
423,lionel_messi,4375af0ce2.jpg
424,lionel_messi,43a47bb53a.jpg
425,lionel_messi,4462fd1130.jpg
426,lionel_messi,452ae0320e.jpg
427,lionel_messi,453ab6fb3b.jpg
428,lionel_messi,459122ffca.jpg
429,lionel_messi,48ac2654f4.jpg
430,lionel_messi,49ad123879.jpg
431,lionel_messi,49d4adafd2.jpg
432,lionel_messi,4a3030212f.jpg
433,lionel_messi,4a41384241.jpg
434,lionel_messi,4a7f09c510.jpg
435,lionel_messi,4ac0566696.jpg
436,lionel_messi,4b52b50e21.jpg
437,lionel_messi,4dfe351832.jpg
438,lionel_messi,4ef70de122.jpg
439,lionel_messi,4f1612d9d8.jpg
440,lionel_messi,4facea4bed.jpg
441,lionel_messi,50a447c954.jpg
442,lionel_messi,51cce93b52.jpg
443,lionel_messi,51da28b237.jpg
444,lionel_messi,52754b3597.jpg
445,lionel_messi,537223ffcb.jpg
446,lionel_messi,541891a602.jpg
447,lionel_messi,54cc8f8696.jpg
448,lionel_messi,559638894a.jpg
449,lionel_messi,57522093e7.jpg
450,lionel_messi,576cc08d1a.jpg
451,lionel_messi,57a63cc3f2.jpg
452,lionel_messi,58ed9b5a2b.jpg
453,lionel_messi,596d0ad83b.jpg
454,lionel_messi,59ecd043a6.jpg
455,lionel_messi,5a2d439eeb.jpg
456,lionel_messi,5b460a53fa.jpg
457,lionel_messi,5c9850ec70.jpg
458,lionel_messi,5cfe0083ba.jpg
459,lionel_messi,5d60ed2870.jpg
460,lionel_messi,5f065a8eac.jpg
461,lionel_messi,6076cb7aef.jpg
462,lionel_messi,60d1680653.jpg
463,lionel_messi,610848575e.jpg
464,lionel_messi,61b9f514be.jpg
465,lionel_messi,628370ed59.jpg
466,lionel_messi,62a72cae54.jpg
467,lionel_messi,63dfe13665.jpg
468,lionel_messi,6594662fbd.jpg
469,lionel_messi,65b4eacb93.jpg
470,lionel_messi,65bd5aeb7e.jpg
471,lionel_messi,6602209719.jpg
472,lionel_messi,67e1355c68.jpg
473,lionel_messi,6857a98b1a.jpg
474,lionel_messi,69bf584e5d.jpg
475,lionel_messi,6ba18cd587.jpg
476,lionel_messi,6c7d7fa6db.jpg
477,lionel_messi,6cf4b150dc.jpg
478,lionel_messi,6eabce102e.jpg
479,lionel_messi,709d9dc5d8.jpg
480,lionel_messi,710602f010.jpg
481,lionel_messi,71457d6d36.jpg
482,lionel_messi,71cd3f2d5b.jpg
483,lionel_messi,73176b60d6.jpg
484,lionel_messi,732298d207.jpg
485,lionel_messi,7413d2f059.jpg
486,lionel_messi,7443004d75.jpg
487,lionel_messi,75d196e6f4.jpg
488,lionel_messi,767bfac871.jpg
489,lionel_messi,76d22645db.jpg
490,lionel_messi,77a530fc5a.jpg
491,lionel_messi,77b395176f.jpg
492,lionel_messi,788e86140e.jpg
493,lionel_messi,791721fe69.jpg
494,lionel_messi,79d2ae2f74.jpg
495,lionel_messi,79dc8dda00.jpg
496,lionel_messi,7d39eba8de.jpg
497,lionel_messi,7dfb74dfd1.jpg
498,lionel_messi,7f3120cfdc.jpg
499,lionel_messi,7f4d1c12ce.jpg
500,lionel_messi,8161176e5c.jpg
501,lionel_messi,81fc76ec65.jpg
502,lionel_messi,8265afa061.jpg
503,lionel_messi,830302d48a.jpg
504,lionel_messi,85164b3570.jpg
505,lionel_messi,85e7e4c91f.jpg
506,lionel_messi,868b7039ce.jpg
507,lionel_messi,86ca688379.jpg
508,lionel_messi,8714576053.jpg
509,lionel_messi,88623a50c3.jpg
510,lionel_messi,887097bee8.jpg
511,lionel_messi,88fa9ee543.jpg
512,lionel_messi,89f603cdc4.jpg
513,lionel_messi,8a64cb4d66.jpg
514,lionel_messi,8ae32c757e.jpg
515,lionel_messi,8e7e2c0288.jpg
516,lionel_messi,8e98518d29.jpg
517,lionel_messi,8eb3d59436.jpg
518,lionel_messi,901e4e71e0.jpg
519,lionel_messi,90d98580b1.jpg
520,lionel_messi,916c5aed00.jpg
521,lionel_messi,92fca17d8e.jpg
522,lionel_messi,93a84c8427.jpg
523,lionel_messi,93f6d4083d.jpg
524,lionel_messi,9527d9325a.jpg
525,lionel_messi,95b46e84ca.jpg
526,lionel_messi,95d89e5951.jpg
527,lionel_messi,96a0e39f4e.jpg
528,lionel_messi,96a6d83d79.jpg
529,lionel_messi,97a650dc93.jpg
530,lionel_messi,9894243e1f.jpg
531,lionel_messi,99d4721385.jpg
532,lionel_messi,9a7c2feaaa.jpg
533,lionel_messi,9aefb9180b.jpg
534,lionel_messi,9b0d3e2ce4.jpg
535,lionel_messi,9c0063032b.jpg
536,lionel_messi,9d27ab04d8.jpg
537,lionel_messi,9da20a0a1d.jpg
538,lionel_messi,9f2aaf058e.jpg
539,lionel_messi,9f852c1cd6.jpg
540,lionel_messi,9fbf4801a9.jpg
541,lionel_messi,a01ed796f8.jpg
542,lionel_messi,a0b24f6555.jpg
543,lionel_messi,a0dafc8340.jpg
544,lionel_messi,a0dd378c75.jpg
545,lionel_messi,a14b0e4980.jpg
546,lionel_messi,a26f1f28c6.jpg
547,lionel_messi,a30b17ed5f.jpg
548,lionel_messi,a3b6d3de74.jpg
549,lionel_messi,a3d61a4515.jpg
550,lionel_messi,a5143e2b52.jpg
551,lionel_messi,a52fc463b2.jpg
552,lionel_messi,a62ff856d9.jpg
553,lionel_messi,a79ff779bc.jpg
554,lionel_messi,a7ce4bf8e6.jpg
555,lionel_messi,a823b10840.jpg
556,lionel_messi,a82acbc427.jpg
557,lionel_messi,a98f5eb96b.jpg
558,lionel_messi,aa1788b3aa.jpg
559,lionel_messi,abef94ce0c.jpg
560,lionel_messi,ac1cc5fa4e.jpg
561,lionel_messi,ac2047e0f7.jpg
562,lionel_messi,afe53fe584.jpg
563,lionel_messi,b1b7ca8eb0.jpg
564,lionel_messi,b1e17b667e.jpg
565,lionel_messi,b20a20f595.jpg
566,lionel_messi,b27aaf874e.jpg
567,lionel_messi,b31bfb62b9.jpg
568,lionel_messi,b3862ddc45.jpg
569,lionel_messi,b3f5146749.jpg
570,lionel_messi,b440ad6fcf.jpg
571,lionel_messi,b47678ec4d.jpg
572,lionel_messi,b4d81fdd54.jpg
573,lionel_messi,b5ee58628d.jpg
574,lionel_messi,b60e3048cc.jpg
575,lionel_messi,b6de4a31bc.jpg
576,lionel_messi,b701bdb42e.jpg
577,lionel_messi,b7b18521ed.jpg
578,lionel_messi,bafc6211fd.jpg
579,lionel_messi,bb19fb7902.jpg
580,lionel_messi,bb3519b3a7.jpg
581,lionel_messi,bb5f19a542.jpg
582,lionel_messi,bbecb3a410.jpg
583,lionel_messi,bc50e3955a.jpg
584,lionel_messi,bc5b2866a3.jpg
585,lionel_messi,bd28e497aa.jpg
586,lionel_messi,bd4f53b669.jpg
587,lionel_messi,bdcf2eb364.jpg
588,lionel_messi,bdf184b17d.jpg
589,lionel_messi,befc30e898.jpg
590,lionel_messi,bfb9ac6dbf.jpg
591,lionel_messi,c1d4e8f2aa.jpg
592,lionel_messi,c29026e5f1.jpg
593,lionel_messi,c31c466072.jpg
594,lionel_messi,c32167c7bb.jpg
595,lionel_messi,c6185c7902.jpg
596,lionel_messi,c623f92017.jpg
597,lionel_messi,c62c2e6f11.jpg
598,lionel_messi,c62cb10f7f.jpg
599,lionel_messi,c63cc2f943.jpg
600,lionel_messi,c6b875eb5f.jpg
601,lionel_messi,c82b053e5f.jpg
602,lionel_messi,c8770863b3.jpg
603,lionel_messi,c9be50f8b4.jpg
604,lionel_messi,ca84c2f5a8.jpg
605,lionel_messi,cae8472b30.jpg
606,lionel_messi,cbfcff773b.jpg
607,lionel_messi,cc7a439206.jpg
608,lionel_messi,cca6f5fb2f.jpg
609,lionel_messi,ceaeac0205.jpg
610,lionel_messi,cf5cbcc7d6.jpg
611,lionel_messi,cfac8e649d.jpg
612,lionel_messi,d0ec7f040a.jpg
613,lionel_messi,d1f28d76cb.jpg
614,lionel_messi,d226b5502c.jpg
615,lionel_messi,d41658301c.jpg
616,lionel_messi,d4a858542d.jpg
617,lionel_messi,d4d3cad140.jpg
618,lionel_messi,d4d5a78fe3.jpg
619,lionel_messi,d51bcb65e5.jpg
620,lionel_messi,d565921d0b.jpg
621,lionel_messi,d5839d0374.jpg
622,lionel_messi,d5fe2c38fd.jpg
623,lionel_messi,d63b140188.jpg
624,lionel_messi,d6af803a30.jpg
625,lionel_messi,d7cf8ebfe9.jpg
626,lionel_messi,d916a3b256.jpg
627,lionel_messi,d9880811a1.jpg
628,lionel_messi,d993d276a2.jpg
629,lionel_messi,d9c713ad1f.jpg
630,lionel_messi,da1e891c97.jpg
631,lionel_messi,dbd9dbde56.jpg
632,lionel_messi,dbdcdea82e.jpg
633,lionel_messi,dcd5188f17.jpg
634,lionel_messi,dd2a668e2a.jpg
635,lionel_messi,dec84fa5a1.jpg
636,lionel_messi,df669bd1c8.jpg
637,lionel_messi,df8abd90ab.jpg
638,lionel_messi,dffc1eb113.jpg
639,lionel_messi,e3e0a63498.jpg
640,lionel_messi,e4177d4de9.jpg
641,lionel_messi,e53c86f522.jpg
642,lionel_messi,e599e4d568.jpg
643,lionel_messi,e6189138bc.jpg
644,lionel_messi,e788548f05.jpg
645,lionel_messi,e84edfcce8.jpg
646,lionel_messi,e9e8d71bd6.jpg
647,lionel_messi,ea55141e44.jpg
648,lionel_messi,eae5abc1d8.jpg
649,lionel_messi,ebc5ec6498.jpg
650,lionel_messi,ebd69ec63e.jpg
651,lionel_messi,ed03e3f1ea.jpg
652,lionel_messi,ed4b153777.jpg
653,lionel_messi,ed66c3e35b.jpg
654,lionel_messi,ed6e8e061c.jpg
655,lionel_messi,edadcc123c.jpg
656,lionel_messi,edd894fd18.jpg
657,lionel_messi,ee3b319ec6.jpg
658,lionel_messi,ee4b37e575.jpg
659,lionel_messi,f043ea046e.jpg
660,lionel_messi,f054158779.jpg
661,lionel_messi,f0ca8c4331.jpg
662,lionel_messi,f304017fc1.jpg
663,lionel_messi,f391e34d41.jpg
664,lionel_messi,f465b04c5f.jpg
665,lionel_messi,f4a3e50e36.jpg
666,lionel_messi,f7d7c2b4a4.jpg
667,lionel_messi,f86caf0b8f.jpg
668,lionel_messi,fae9e2859b.jpg
669,lionel_messi,fb5f9a30f9.jpg
670,lionel_messi,fbbfbdb843.jpg
671,lionel_messi,fbd5fc808d.jpg
672,lionel_messi,fc55f2c574.jpg
673,lionel_messi,fcfe40fc54.jpg
674,lionel_messi,fd4fcc1a86.jpg
675,lionel_messi,fead33840f.jpg
676,lionel_messi,ff5140b1ee.jpg
677,lionel_messi,fffb9bafee.jpg
678,mohamed_salah,002f5c47dc.jpg
679,mohamed_salah,00c8bb47ef.jpg
680,mohamed_salah,00e69e0dd8.jpg
681,mohamed_salah,02127bbc45.jpg
682,mohamed_salah,021bbd8add.jpg
683,mohamed_salah,03064439a4.jpg
684,mohamed_salah,0482436e09.jpg
685,mohamed_salah,04ab26a16e.jpg
686,mohamed_salah,04ea40b4e7.jpg
687,mohamed_salah,0837186345.jpg
688,mohamed_salah,08fe15bc8a.jpg
689,mohamed_salah,093cfa1f82.jpg
690,mohamed_salah,097dfe47a8.jpg
691,mohamed_salah,0a7fb34cba.jpg
692,mohamed_salah,0ac608d24f.jpg
693,mohamed_salah,0ad8c7747c.jpg
694,mohamed_salah,0b4a798c3a.jpg
695,mohamed_salah,0b76353e90.jpg
696,mohamed_salah,0dc15ea811.jpg
697,mohamed_salah,0de6ad45bc.jpg
698,mohamed_salah,0f6e3d1073.jpg
699,mohamed_salah,10cd02e750.jpg
700,mohamed_salah,120d1718e5.jpg
701,mohamed_salah,126a83bc5f.jpg
702,mohamed_salah,14b681b369.jpg
703,mohamed_salah,160cdcd0f4.jpg
704,mohamed_salah,1624a84b7f.jpg
705,mohamed_salah,166822e4b6.jpg
706,mohamed_salah,16e70a2626.jpg
707,mohamed_salah,19380ecf7b.jpg
708,mohamed_salah,194e5409ad.jpg
709,mohamed_salah,1a9219110f.jpg
710,mohamed_salah,1aea0c8bd0.jpg
711,mohamed_salah,1c863e47a6.jpg
712,mohamed_salah,1c8eb74a44.jpg
713,mohamed_salah,1c9ec3284f.jpg
714,mohamed_salah,1d1d627b42.jpg
715,mohamed_salah,1d4f01b053.jpg
716,mohamed_salah,1dc1d4e97e.jpg
717,mohamed_salah,1e14d52371.jpg
718,mohamed_salah,1e828ad0be.jpg
719,mohamed_salah,1f0887c2f8.jpg
720,mohamed_salah,2064f4a36a.jpg
721,mohamed_salah,20b2a8e6b8.jpg
722,mohamed_salah,20b6a5c174.jpg
723,mohamed_salah,217e84ebcf.jpg
724,mohamed_salah,218d785abc.jpg
725,mohamed_salah,21cbde34ff.jpg
726,mohamed_salah,22ffa7fd84.jpg
727,mohamed_salah,2469f474e8.jpg
728,mohamed_salah,24bf62ec7c.jpg
729,mohamed_salah,25be03513f.jpg
730,mohamed_salah,268edc0371.jpg
731,mohamed_salah,26b0073844.jpg
732,mohamed_salah,26bc3eac80.jpg
733,mohamed_salah,2757a6f668.jpg
734,mohamed_salah,285c281ee9.jpg
735,mohamed_salah,291f932abb.jpg
736,mohamed_salah,2c3bc3d24e.jpg
737,mohamed_salah,2d5816d785.jpg
738,mohamed_salah,2ecc493ab8.jpg
739,mohamed_salah,308bb82f6c.jpg
740,mohamed_salah,30efd4fd9b.jpg
741,mohamed_salah,312f1376aa.jpg
742,mohamed_salah,31460feb3d.jpg
743,mohamed_salah,3346a00f4c.jpg
744,mohamed_salah,342930e9dd.jpg
745,mohamed_salah,350533a535.jpg
746,mohamed_salah,35e6e9b68a.jpg
747,mohamed_salah,3692ad16dc.jpg
748,mohamed_salah,37bf7ff029.jpg
749,mohamed_salah,3a0eb1a6f4.jpg
750,mohamed_salah,3a9f4034de.jpg
751,mohamed_salah,3b99b06861.jpg
752,mohamed_salah,3c58d7ae3c.jpg
753,mohamed_salah,3cdca301be.jpg
754,mohamed_salah,3d5af17663.jpg
755,mohamed_salah,3e34df9ec7.jpg
756,mohamed_salah,3e952732d5.jpg
757,mohamed_salah,3ea0ae641c.jpg
758,mohamed_salah,41067a7542.jpg
759,mohamed_salah,41aa54b4d8.jpg
760,mohamed_salah,4258106aec.jpg
761,mohamed_salah,42de799d45.jpg
762,mohamed_salah,435472713b.jpg
763,mohamed_salah,435ee5e0d2.jpg
764,mohamed_salah,4371f34823.jpg
765,mohamed_salah,437c6c33bf.jpg
766,mohamed_salah,44f26f5795.jpg
767,mohamed_salah,46fe5b1453.jpg
768,mohamed_salah,4951958b37.jpg
769,mohamed_salah,495b43927d.jpg
770,mohamed_salah,49cc79c13d.jpg
771,mohamed_salah,4a67ec8c3f.jpg
772,mohamed_salah,4ba3209a3e.jpg
773,mohamed_salah,4c0598acc1.jpg
774,mohamed_salah,4c2efa2020.jpg
775,mohamed_salah,4d701a854d.jpg
776,mohamed_salah,4e07cc5c1c.jpg
777,mohamed_salah,4e7b7dc7c4.jpg
778,mohamed_salah,50e7dd95b2.jpg
779,mohamed_salah,51d03974a6.jpg
780,mohamed_salah,527929b4d2.jpg
781,mohamed_salah,527b050512.jpg
782,mohamed_salah,52e5fcafba.jpg
783,mohamed_salah,531467c280.jpg
784,mohamed_salah,5463dc7165.jpg
785,mohamed_salah,5477ea7075.jpg
786,mohamed_salah,54fa8372b1.jpg
787,mohamed_salah,55b1e2e8ac.jpg
788,mohamed_salah,563415f83c.jpg
789,mohamed_salah,57f4986f4d.jpg
790,mohamed_salah,57fd539c93.jpg
791,mohamed_salah,58a089bae6.jpg
792,mohamed_salah,59c06beb23.jpg
793,mohamed_salah,59fad21fc2.jpg
794,mohamed_salah,5b63320742.jpg
795,mohamed_salah,5b69321cbf.jpg
796,mohamed_salah,5c59ec91ed.jpg
797,mohamed_salah,5c8193f07d.jpg
798,mohamed_salah,5ce88f054d.jpg
799,mohamed_salah,5d760571cd.jpg
800,mohamed_salah,5ea0ea86b0.jpg
801,mohamed_salah,610e651f6a.jpg
802,mohamed_salah,6183917a12.jpg
803,mohamed_salah,6373d3c485.jpg
804,mohamed_salah,663fb84d91.jpg
805,mohamed_salah,67728f3e5c.jpg
806,mohamed_salah,679b8c7682.jpg
807,mohamed_salah,67b1ff474b.jpg
808,mohamed_salah,6a680b154e.jpg
809,mohamed_salah,6a6d5463e9.jpg
810,mohamed_salah,6b46095d9f.jpg
811,mohamed_salah,6b692e82a9.jpg
812,mohamed_salah,6b7ea5d59b.jpg
813,mohamed_salah,6c69a2800d.jpg
814,mohamed_salah,6c7de7e160.jpg
815,mohamed_salah,6c90ac452a.jpg
816,mohamed_salah,6ce8562a75.jpg
817,mohamed_salah,6cf3c7dcc6.jpg
818,mohamed_salah,6d3c85fd8d.jpg
819,mohamed_salah,6d8322f3e2.jpg
820,mohamed_salah,6e17aee484.jpg
821,mohamed_salah,6fe031347a.jpg
822,mohamed_salah,70531fe8ca.jpg
823,mohamed_salah,70b295c7d5.jpg
824,mohamed_salah,7161d29934.jpg
825,mohamed_salah,71c04a7aa0.jpg
826,mohamed_salah,72caf59c9d.jpg
827,mohamed_salah,7314a36c04.jpg
828,mohamed_salah,73c56a49fd.jpg
829,mohamed_salah,7413038d2c.jpg
830,mohamed_salah,75b938f03c.jpg
831,mohamed_salah,75fb6e2f36.jpg
832,mohamed_salah,765a37c8d2.jpg
833,mohamed_salah,769ea37da7.jpg
834,mohamed_salah,7761b9f29e.jpg
835,mohamed_salah,77f0f6a9ef.jpg
836,mohamed_salah,78c4580124.jpg
837,mohamed_salah,79349826af.jpg
838,mohamed_salah,795d633c5f.jpg
839,mohamed_salah,7a27bdcd76.jpg
840,mohamed_salah,7ad04d3ce0.jpg
841,mohamed_salah,7bb8af6ef2.jpg
842,mohamed_salah,7bdad84a82.jpg
843,mohamed_salah,7c055a2f9c.jpg
844,mohamed_salah,7c442e68ff.jpg
845,mohamed_salah,7c5ebac77c.jpg
846,mohamed_salah,7cb71e8677.jpg
847,mohamed_salah,7cbea0d9f4.jpg
848,mohamed_salah,7d796f0c06.jpg
849,mohamed_salah,7edf8829c1.jpg
850,mohamed_salah,7f2ce7b0e3.jpg
851,mohamed_salah,80117ae9cb.jpg
852,mohamed_salah,819e726028.jpg
853,mohamed_salah,81c252a1aa.jpg
854,mohamed_salah,81e84ee6a2.jpg
855,mohamed_salah,83975d84f5.jpg
856,mohamed_salah,83d6c20f38.jpg
857,mohamed_salah,85c27c8c6a.jpg
858,mohamed_salah,85d29353a1.jpg
859,mohamed_salah,85fa702a0b.jpg
860,mohamed_salah,8719b4d1c3.jpg
861,mohamed_salah,876428170b.jpg
862,mohamed_salah,87c2401140.jpg
863,mohamed_salah,883cf06998.jpg
864,mohamed_salah,8865c540e2.jpg
865,mohamed_salah,88ba7bd35f.jpg
866,mohamed_salah,890bf27b37.jpg
867,mohamed_salah,899679c910.jpg
868,mohamed_salah,8a3f2d75de.jpg
869,mohamed_salah,8a49a5a2cc.jpg
870,mohamed_salah,8a852f4ae9.jpg
871,mohamed_salah,8a94c9d3d3.jpg
872,mohamed_salah,8b9f7adc55.jpg
873,mohamed_salah,8d8899d8e0.jpg
874,mohamed_salah,8dbbcc29d1.jpg
875,mohamed_salah,8dddc5e801.jpg
876,mohamed_salah,8e51c46b25.jpg
877,mohamed_salah,8ed381281b.jpg
878,mohamed_salah,8ee8962d97.jpg
879,mohamed_salah,8fb60b200d.jpg
880,mohamed_salah,900febf6df.jpg
881,mohamed_salah,927363da05.jpg
882,mohamed_salah,92f4d04f06.jpg
883,mohamed_salah,932fb890c3.jpg
884,mohamed_salah,959e14a464.jpg
885,mohamed_salah,965e5cd085.jpg
886,mohamed_salah,96acf7d17e.jpg
887,mohamed_salah,96fbcdc513.jpg
888,mohamed_salah,9705f59676.jpg
889,mohamed_salah,97b213d4c4.jpg
890,mohamed_salah,9812e2f3c4.jpg
891,mohamed_salah,990199ee4a.jpg
892,mohamed_salah,9a2b7bfe0c.jpg
893,mohamed_salah,9a8505a9d4.jpg
894,mohamed_salah,9a8d369fd9.jpg
895,mohamed_salah,9a9226655a.jpg
896,mohamed_salah,9afc46dc46.jpg
897,mohamed_salah,9b08c41a2b.jpg
898,mohamed_salah,9b6b737679.jpg
899,mohamed_salah,9caa0ea62e.jpg
900,mohamed_salah,9ccae1066e.jpg
901,mohamed_salah,9cd4bc5c54.jpg
902,mohamed_salah,9e2634c74e.jpg
903,mohamed_salah,9faa88131d.jpg
904,mohamed_salah,9fcfa1e18c.jpg
905,mohamed_salah,a13a2ae835.jpg
906,mohamed_salah,a16aab5203.jpg
907,mohamed_salah,a27037f0ca.jpg
908,mohamed_salah,a3bb98ca91.jpg
909,mohamed_salah,a41692d247.jpg
910,mohamed_salah,a455fe871a.jpg
911,mohamed_salah,a46b11c1a8.jpg
912,mohamed_salah,a582174247.jpg
913,mohamed_salah,a6367345cb.jpg
914,mohamed_salah,a799c01184.jpg
915,mohamed_salah,a82f67ba47.jpg
916,mohamed_salah,a87ee674f1.jpg
917,mohamed_salah,a9bb6a7b02.jpg
918,mohamed_salah,aa087c09fa.jpg
919,mohamed_salah,aad1dff3c4.jpg
920,mohamed_salah,ab1ef36558.jpg
921,mohamed_salah,ac259f3a7a.jpg
922,mohamed_salah,ac2aaea4a3.jpg
923,mohamed_salah,ad3c1bd105.jpg
924,mohamed_salah,ad79959459.jpg
925,mohamed_salah,ae7854f8d1.jpg
926,mohamed_salah,ae96e24d3c.jpg
927,mohamed_salah,b0018f0bad.jpg
928,mohamed_salah,b06f455fb1.jpg
929,mohamed_salah,b0d27fcfed.jpg
930,mohamed_salah,b13321b08d.jpg
931,mohamed_salah,b284043045.jpg
932,mohamed_salah,b28ea00b5a.jpg
933,mohamed_salah,b319294d78.jpg
934,mohamed_salah,b3214e1648.jpg
935,mohamed_salah,b32e67c16b.jpg
936,mohamed_salah,b3e97112cb.jpg
937,mohamed_salah,b472f5bd3f.jpg
938,mohamed_salah,b5befc446d.jpg
939,mohamed_salah,b6ccbae996.jpg
940,mohamed_salah,b7ab38ab97.jpg
941,mohamed_salah,b7f161ea6d.jpg
942,mohamed_salah,b8ec24c5c9.jpg
943,mohamed_salah,b9181f4ace.jpg
944,mohamed_salah,b94021904b.jpg
945,mohamed_salah,ba7fd9bb48.jpg
946,mohamed_salah,bb41cf09ff.jpg
947,mohamed_salah,bbdca29be6.jpg
948,mohamed_salah,bbec7f6f8b.jpg
949,mohamed_salah,bea5ed5a6b.jpg
950,mohamed_salah,bf3949dab1.jpg
951,mohamed_salah,bf85c82279.jpg
952,mohamed_salah,bfcdf01308.jpg
953,mohamed_salah,c0017b2b2e.jpg
954,mohamed_salah,c09f92ffae.jpg
955,mohamed_salah,c0bffc6678.jpg
956,mohamed_salah,c1e8e09430.jpg
957,mohamed_salah,c395e5a08b.jpg
958,mohamed_salah,c39c69e24e.jpg
959,mohamed_salah,c6ee8fecf9.jpg
960,mohamed_salah,c7c6cac146.jpg
961,mohamed_salah,c95ea01db1.jpg
962,mohamed_salah,caf5104b3e.jpg
963,mohamed_salah,cc036fdbd0.jpg
964,mohamed_salah,cccce05067.jpg
965,mohamed_salah,cdb96eb3a3.jpg
966,mohamed_salah,cdef04ad81.jpg
967,mohamed_salah,ce3d655764.jpg
968,mohamed_salah,cfc5e50988.jpg
969,mohamed_salah,d0e917cc15.jpg
970,mohamed_salah,d1228a2aa2.jpg
971,mohamed_salah,d1d7a84c95.jpg
972,mohamed_salah,d2158cd77a.jpg
973,mohamed_salah,d308941554.jpg
974,mohamed_salah,d4debb6b93.jpg
975,mohamed_salah,d6e76a3729.jpg
976,mohamed_salah,d733a1f195.jpg
977,mohamed_salah,d788bb8895.jpg
978,mohamed_salah,d89bb9f9b3.jpg
979,mohamed_salah,d9974d6e6d.jpg
980,mohamed_salah,daa38fe0ea.jpg
981,mohamed_salah,db0282ca0b.jpg
982,mohamed_salah,dc678ede81.jpg
983,mohamed_salah,dce20474ef.jpg
984,mohamed_salah,de331be33f.jpg
985,mohamed_salah,df4f2d4221.jpg
986,mohamed_salah,df6c3a7601.jpg
987,mohamed_salah,e0b60983b9.jpg
988,mohamed_salah,e278cdffa9.jpg
989,mohamed_salah,e370ae6048.jpg
990,mohamed_salah,e3da21f3b4.jpg
991,mohamed_salah,e47cf61cd9.jpg
992,mohamed_salah,e51587b42a.jpg
993,mohamed_salah,e561a74996.jpg
994,mohamed_salah,e5dc892af9.jpg
995,mohamed_salah,e85eddcad7.jpg
996,mohamed_salah,e8e4acd8e2.jpg
997,mohamed_salah,e8e8f31f10.jpg
998,mohamed_salah,e8f87527e2.jpg
999,mohamed_salah,ea65a2bbdd.jpg
1000,mohamed_salah,ea871495af.jpg
1001,mohamed_salah,ec279f14b8.jpg
1002,mohamed_salah,ecf51470f5.jpg
1003,mohamed_salah,ee2defeda7.jpg
1004,mohamed_salah,eecb81befb.jpg
1005,mohamed_salah,f072e3503f.jpg
1006,mohamed_salah,f114e5d1f0.jpg
1007,mohamed_salah,f1395dbbd6.jpg
1008,mohamed_salah,f3415425d0.jpg
1009,mohamed_salah,f3682d4c7a.jpg
1010,mohamed_salah,f397534ac0.jpg
1011,mohamed_salah,f521015258.jpg
1012,mohamed_salah,f555c18d40.jpg
1013,mohamed_salah,f6472305bb.jpg
1014,mohamed_salah,f7c87bf03a.jpg
1015,mohamed_salah,f7da3a09ec.jpg
1016,mohamed_salah,fa19629cb5.jpg
1017,mohamed_salah,fb4c9115aa.jpg
1018,mohamed_salah,fc5b2be826.jpg
1019,mohamed_salah,fd0c6e3a6e.jpg
1020,mohamed_salah,fd4520fba9.jpg
1021,mohamed_salah,fd59772f81.jpg
1022,mohamed_salah,fefc22b6c3.jpg
1023,mohamed_salah,ff0b7a325d.jpg
1024,mohamed_salah,ff12608003.jpg
1025,mohamed_salah,ff98ec5810.jpg
1026,pele,0028f869be.jpg
1027,pele,00460bf9ff.jpg
1028,pele,00b56028f8.jpg
1029,pele,010bec1c51.jpg
1030,pele,02aad0faac.jpg
1031,pele,03cff8a714.jpg
1032,pele,03eee7b36c.jpg
1033,pele,0552c9f5c9.jpg
1034,pele,05ee780115.jpg
1035,pele,068e22b1ef.jpg
1036,pele,072d65960b.jpg
1037,pele,07e2e891c5.jpg
1038,pele,095121d343.jpg
1039,pele,0a23257af3.jpg
1040,pele,0acd555526.jpg
1041,pele,0b41474fcd.jpg
1042,pele,0d26bd6baf.jpg
1043,pele,0e7942295f.jpg
1044,pele,11398e37d3.jpg
1045,pele,11d2cde3d7.jpg
1046,pele,1313333a2a.jpg
1047,pele,15cab88be2.jpg
1048,pele,15ea7f744d.jpg
1049,pele,1873df9eb0.jpg
1050,pele,1970ee23a5.jpg
1051,pele,1a97f78f3d.jpg
1052,pele,1c654b7a98.jpg
1053,pele,1ee28530ae.jpg
1054,pele,1f75ab5f58.jpg
1055,pele,20010b713a.jpg
1056,pele,2237dea0a1.jpg
1057,pele,2321b3d57d.jpg
1058,pele,23f935ae2b.jpg
1059,pele,25ec6d98f1.jpg
1060,pele,26140211b4.jpg
1061,pele,2743f12a51.jpg
1062,pele,2a2bfde04f.jpg
1063,pele,2b3912710d.jpg
1064,pele,2be6803bca.jpg
1065,pele,2d240526b3.jpg
1066,pele,2f1957c278.jpg
1067,pele,319d3a85cb.jpg
1068,pele,326e4635aa.jpg
1069,pele,346d6b3e50.jpg
1070,pele,354e0190cd.jpg
1071,pele,3564e42764.jpg
1072,pele,3586e99698.jpg
1073,pele,36966578b2.jpg
1074,pele,37d8990f0d.jpg
1075,pele,37e57ce6d5.jpg
1076,pele,388a5c78f7.jpg
1077,pele,39937c42c5.jpg
1078,pele,3a07c27f5c.jpg
1079,pele,3b4f2f16ad.jpg
1080,pele,3b57580915.jpg
1081,pele,3b96f0967a.jpg
1082,pele,3c73b61aef.jpg
1083,pele,3d4a7709cb.jpg
1084,pele,3d5d6c93d9.jpg
1085,pele,3d6f222bba.jpg
1086,pele,3e95b03dd3.jpg
1087,pele,3f908936a9.jpg
1088,pele,3fb1f6bae6.jpg
1089,pele,40214ea28e.jpg
1090,pele,4306e4c58d.jpg
1091,pele,45de7d8b7a.jpg
1092,pele,47065aa415.jpg
1093,pele,489ea991b8.jpg
1094,pele,49fe1e41af.jpg
1095,pele,4d718a231c.jpg
1096,pele,500bab9061.jpg
1097,pele,5066d66eb3.jpg
1098,pele,50d1b31b30.jpg
1099,pele,50d1d56652.jpg
1100,pele,520385f6b3.jpg
1101,pele,53760949ab.jpg
1102,pele,58db895938.jpg
1103,pele,5a0612d702.jpg
1104,pele,5a1e96c403.jpg
1105,pele,5acf39de24.jpg
1106,pele,5b61ff97f9.jpg
1107,pele,5c2b7b7d00.jpg
1108,pele,5eb0971bc5.jpg
1109,pele,5fda8cb2e5.jpg
1110,pele,61c870da90.jpg
1111,pele,6216267859.jpg
1112,pele,62b6de8f78.jpg
1113,pele,63dd45f201.jpg
1114,pele,64e015ac9f.jpg
1115,pele,65e55f17c4.jpg
1116,pele,66e90e51da.jpg
1117,pele,6881b9a946.jpg
1118,pele,68e244370d.jpg
1119,pele,69554d25a0.jpg
1120,pele,6a304d07db.jpg
1121,pele,6b17858d98.jpg
1122,pele,6b7a8e8e49.jpg
1123,pele,6b8177240a.jpg
1124,pele,6c5fb05dd3.jpg
1125,pele,6e646678ab.jpg
1126,pele,6f5a7f1ad3.jpg
1127,pele,6fc2ac99fa.jpg
1128,pele,711194cee6.jpg
1129,pele,7411980d60.jpg
1130,pele,7508f550ef.jpg
1131,pele,75dad23925.jpg
1132,pele,776a31d3c5.jpg
1133,pele,77c38f2b09.jpg
1134,pele,78c88c5d5e.jpg
1135,pele,79e98d202f.jpg
1136,pele,7b43857751.jpg
1137,pele,7b7f6b1378.jpg
1138,pele,7c3a2ed190.jpg
1139,pele,7deaebc850.jpg
1140,pele,7f4b16aebc.jpg
1141,pele,8302e47370.jpg
1142,pele,848461aa05.jpg
1143,pele,84c859056e.jpg
1144,pele,8660dca0d5.jpg
1145,pele,8989b9af23.jpg
1146,pele,898bd2361d.jpg
1147,pele,8a390ffe84.jpg
1148,pele,8b10742cef.jpg
1149,pele,8bae0e0c31.jpg
1150,pele,8bd4da40b7.jpg
1151,pele,8bfd32683d.jpg
1152,pele,8c4e26ce83.jpg
1153,pele,8c843c7319.jpg
1154,pele,8db57746fb.jpg
1155,pele,8ee0c597b0.jpg
1156,pele,90f45b7406.jpg
1157,pele,931fe5491f.jpg
1158,pele,933ffaaa17.jpg
1159,pele,962b30a53c.jpg
1160,pele,968a0fd6a5.jpg
1161,pele,97309865e1.jpg
1162,pele,9790832fa5.jpg
1163,pele,994762abda.jpg
1164,pele,9979732d8e.jpg
1165,pele,9ad416b857.jpg
1166,pele,9ba17f81b1.jpg
1167,pele,9ca906bfa1.jpg
1168,pele,9d9c9d7256.jpg
1169,pele,9fc98ab3d9.jpg
1170,pele,a09cd778dc.jpg
1171,pele,a20ecd5d00.jpg
1172,pele,a27c60d64a.jpg
1173,pele,a2fbdc3b76.jpg
1174,pele,a37f512d68.jpg
1175,pele,a3f80723c1.jpg
1176,pele,a408c332ae.jpg
1177,pele,a5f6971b20.jpg
1178,pele,a640b47a70.jpg
1179,pele,a67e7938c1.jpg
1180,pele,a8f3cd63f8.jpg
1181,pele,a90ac185eb.jpg
1182,pele,a94fc76d7f.jpg
1183,pele,aa18ff011d.jpg
1184,pele,aaa1ddd435.jpg
1185,pele,aacdf16601.jpg
1186,pele,ab01276e95.jpg
1187,pele,acc19f1e90.jpg
1188,pele,ad3ecd41e3.jpg
1189,pele,ada44d8927.jpg
1190,pele,aecdc59c4f.jpg
1191,pele,af2b4bde32.jpg
1192,pele,b018123418.jpg
1193,pele,b034cff04a.jpg
1194,pele,b1187194ba.jpg
1195,pele,b2babef3c1.jpg
1196,pele,b6776300a2.jpg
1197,pele,b727720ca5.jpg
1198,pele,b7c4f60075.jpg
1199,pele,b95b97f51c.jpg
1200,pele,b97316321a.jpg
1201,pele,bb5dff87fd.jpg
1202,pele,bbee4cd05c.jpg
1203,pele,bc0a83013e.jpg
1204,pele,bd5ff19b39.jpg
1205,pele,c1873f810d.jpg
1206,pele,c3454bf8a9.jpg
1207,pele,c38b676f3e.jpg
1208,pele,c4b5cd6707.jpg
1209,pele,c606446adf.jpg
1210,pele,c64c1c224d.jpg
1211,pele,c8e06b3e52.jpg
1212,pele,ca9ed44729.jpg
1213,pele,ccc1642ba7.jpg
1214,pele,ce9a6bef01.jpg
1215,pele,d1da787a8e.jpg
1216,pele,d2b0ca0bbe.jpg
1217,pele,d4411cc74f.jpg
1218,pele,d455fb588c.jpg
1219,pele,d5fe948148.jpg
1220,pele,d6e57a3dda.jpg
1221,pele,d7617dffcc.jpg
1222,pele,d7eeab5509.jpg
1223,pele,d8b859b395.jpg
1224,pele,d8cd20ed39.jpg
1225,pele,d910be2ee8.jpg
1226,pele,d912ca48ad.jpg
1227,pele,d9302d7302.jpg
1228,pele,db1dfbf8a0.jpg
1229,pele,db4f4dc4da.jpg
1230,pele,dda961ca41.jpg
1231,pele,e04503ebb6.jpg
1232,pele,e08d2a0e49.jpg
1233,pele,e1a3c1a1a6.jpg
1234,pele,e1fdff05d7.jpg
1235,pele,e28fbf7b33.jpg
1236,pele,e2e2cd5520.jpg
1237,pele,e32cc2b3b6.jpg
1238,pele,e83fd686f6.jpg
1239,pele,e8614b2dc0.jpg
1240,pele,eb453c3af1.jpg
1241,pele,ebeaee4810.jpg
1242,pele,ec13bfe826.jpg
1243,pele,ec33ed1f6a.jpg
1244,pele,ecc2d7e3a7.jpg
1245,pele,ee94cb822a.jpg
1246,pele,eec942227b.jpg
1247,pele,ef714096f0.jpg
1248,pele,f263237e78.jpg
1249,pele,f413167a35.jpg
1250,pele,f4f68ca7bc.jpg
1251,pele,f5c98e9ab1.jpg
1252,pele,f5f0a3e84e.jpg
1253,pele,f7b709c068.jpg
1254,pele,f7cd5fc8e8.jpg
1255,pele,f84c4090b7.jpg
1256,pele,f8db1ff48e.jpg
1257,pele,faf57eacbf.jpg
1258,pele,fb2759d7d1.jpg
1259,pele,fbc0cea768.jpg
1260,pele,fcb629ae9a.jpg
1261,pele,fcc58d054f.jpg
1262,pele,fcd62075c5.jpg
1263,pele,fd054329c1.jpg
1264,pele,fd33feeb21.jpg
1265,pele,feca9bac57.jpg
1266,pele,ffb89629b8.jpg
1267,ronaldinho,012f7dc21f.jpg
1268,ronaldinho,019b2f8844.jpg
1269,ronaldinho,02ade8ceb1.jpg
1270,ronaldinho,02d6d5c2a3.jpg
1271,ronaldinho,02fb980c14.jpg
1272,ronaldinho,0555c228f1.jpg
1273,ronaldinho,0685b6967e.jpg
1274,ronaldinho,0705288c82.jpg
1275,ronaldinho,07cd0a42fe.jpg
1276,ronaldinho,08768b246d.jpg
1277,ronaldinho,08e56f48d6.jpg
1278,ronaldinho,0a1d84ee4e.jpg
1279,ronaldinho,0b8f1cfc5e.jpg
1280,ronaldinho,0c3e1b47cc.jpg
1281,ronaldinho,0e1a21d1b6.jpg
1282,ronaldinho,11538e46a1.jpg
1283,ronaldinho,12029bcffc.jpg
1284,ronaldinho,1269bb39ad.jpg
1285,ronaldinho,12e3239958.jpg
1286,ronaldinho,1372cfb9fa.jpg
1287,ronaldinho,148ef0bc61.jpg
1288,ronaldinho,1586f57ec3.jpg
1289,ronaldinho,15c3809748.jpg
1290,ronaldinho,164eb7202c.jpg
1291,ronaldinho,168224263b.jpg
1292,ronaldinho,177776275f.jpg
1293,ronaldinho,1926922c21.jpg
1294,ronaldinho,192fbe4518.jpg
1295,ronaldinho,1aab8246ca.jpg
1296,ronaldinho,1c89083885.jpg
1297,ronaldinho,1d5739fd15.jpg
1298,ronaldinho,1e4a5e8cae.jpg
1299,ronaldinho,1f2e1c3b25.jpg
1300,ronaldinho,1fd99c28cd.jpg
1301,ronaldinho,1ff4fa192b.jpg
1302,ronaldinho,21d1887dfe.jpg
1303,ronaldinho,21da4a35db.jpg
1304,ronaldinho,2260e8f6f8.jpg
1305,ronaldinho,2299f644fa.jpg
1306,ronaldinho,2375d4e02d.jpg
1307,ronaldinho,2409946b24.jpg
1308,ronaldinho,2436c9e8e0.jpg
1309,ronaldinho,24d484a5d0.jpg
1310,ronaldinho,28ef5ca104.jpg
1311,ronaldinho,28f3fdf96d.jpg
1312,ronaldinho,294119c09c.jpg
1313,ronaldinho,2af63f5a2f.jpg
1314,ronaldinho,2baafde148.jpg
1315,ronaldinho,2c065cdd58.jpg
1316,ronaldinho,2c26fc2bcf.jpg
1317,ronaldinho,2c3cce3b0c.jpg
1318,ronaldinho,2d456bbeda.jpg
1319,ronaldinho,2f1fd8e80a.jpg
1320,ronaldinho,2f6409b411.jpg
1321,ronaldinho,2f7d0be07d.jpg
1322,ronaldinho,2fdba5c379.jpg
1323,ronaldinho,30177300dd.jpg
1324,ronaldinho,3057348149.jpg
1325,ronaldinho,3072b3ade0.jpg
1326,ronaldinho,318da79222.jpg
1327,ronaldinho,3226c929cd.jpg
1328,ronaldinho,325272082c.jpg
1329,ronaldinho,32ac541a2c.jpg
1330,ronaldinho,336c498fdd.jpg
1331,ronaldinho,342fce7537.jpg
1332,ronaldinho,351f02beb9.jpg
1333,ronaldinho,355a3298c9.jpg
1334,ronaldinho,3575ba68f8.jpg
1335,ronaldinho,3577dae63b.jpg
1336,ronaldinho,37bbc1d418.jpg
1337,ronaldinho,37c01d2e5f.jpg
1338,ronaldinho,380432aa4e.jpg
1339,ronaldinho,381ce9d874.jpg
1340,ronaldinho,384650ef31.jpg
1341,ronaldinho,38a2b06f6b.jpg
1342,ronaldinho,39879600b6.jpg
1343,ronaldinho,3a7caee8b0.jpg
1344,ronaldinho,3b85d96cc5.jpg
1345,ronaldinho,3be6e95d66.jpg
1346,ronaldinho,3bf64cd692.jpg
1347,ronaldinho,3cb730fef8.jpg
1348,ronaldinho,3ccd4609a9.jpg
1349,ronaldinho,3cd8d18720.jpg
1350,ronaldinho,3ce2e28058.jpg
1351,ronaldinho,3d6ac1c498.jpg
1352,ronaldinho,3e297efbb7.jpg
1353,ronaldinho,3eebf77d25.jpg
1354,ronaldinho,41e2b6a2b6.jpg
1355,ronaldinho,4272027338.jpg
1356,ronaldinho,45090282bf.jpg
1357,ronaldinho,46d4ec90d8.jpg
1358,ronaldinho,47f49e89e8.jpg
1359,ronaldinho,49d609a251.jpg
1360,ronaldinho,49d9d0583c.jpg
1361,ronaldinho,4a3b26d053.jpg
1362,ronaldinho,4a74d1430d.jpg
1363,ronaldinho,4ab9935b74.jpg
1364,ronaldinho,4b8e827420.jpg
1365,ronaldinho,4be03dd9e7.jpg
1366,ronaldinho,4dfcaa645d.jpg
1367,ronaldinho,4e3fe2d436.jpg
1368,ronaldinho,4e55c4a452.jpg
1369,ronaldinho,4f8c353e3e.jpg
1370,ronaldinho,4fcc688c84.jpg
1371,ronaldinho,50bd2a6e58.jpg
1372,ronaldinho,5197b35c01.jpg
1373,ronaldinho,51fa2bebd5.jpg
1374,ronaldinho,52c74249a5.jpg
1375,ronaldinho,53c4c9d62a.jpg
1376,ronaldinho,55ba1378d0.jpg
1377,ronaldinho,55bef39550.jpg
1378,ronaldinho,56bc1331b2.jpg
1379,ronaldinho,5874db06c0.jpg
1380,ronaldinho,588718e177.jpg
1381,ronaldinho,591df8fdf3.jpg
1382,ronaldinho,59422fcfb5.jpg
1383,ronaldinho,59847f9e01.jpg
1384,ronaldinho,5a0ca98f36.jpg
1385,ronaldinho,5aaebcf646.jpg
1386,ronaldinho,5bf01a510c.jpg
1387,ronaldinho,5c7a2337fd.jpg
1388,ronaldinho,5c96d0068e.jpg
1389,ronaldinho,5dab0e6400.jpg
1390,ronaldinho,5e4fb01bf9.jpg
1391,ronaldinho,5f0e9794c1.jpg
1392,ronaldinho,60ea8438a1.jpg
1393,ronaldinho,621f9e4978.jpg
1394,ronaldinho,628fffe4a7.jpg
1395,ronaldinho,6291f8b5f7.jpg
1396,ronaldinho,642c1ce1d9.jpg
1397,ronaldinho,64b3577dcb.jpg
1398,ronaldinho,6603bdb083.jpg
1399,ronaldinho,67f7f38209.jpg
1400,ronaldinho,683371b1b0.jpg
1401,ronaldinho,6b0448b68f.jpg
1402,ronaldinho,6b76e8533f.jpg
1403,ronaldinho,6c9e306483.jpg
1404,ronaldinho,6cd0e9a9b5.jpg
1405,ronaldinho,6d34982b32.jpg
1406,ronaldinho,6e490b63e8.jpg
1407,ronaldinho,6fc724ae6d.jpg
1408,ronaldinho,7214b8bb41.jpg
1409,ronaldinho,73fe934571.jpg
1410,ronaldinho,7469032c34.jpg
1411,ronaldinho,7493348f29.jpg
1412,ronaldinho,74e0bee3a5.jpg
1413,ronaldinho,74e30d46d4.jpg
1414,ronaldinho,7592406111.jpg
1415,ronaldinho,760556db21.jpg
1416,ronaldinho,76c14ed028.jpg
1417,ronaldinho,78244d5e9c.jpg
1418,ronaldinho,79681bd066.jpg
1419,ronaldinho,79ec573c7e.jpg
1420,ronaldinho,7a15ad0d93.jpg
1421,ronaldinho,7a46527a22.jpg
1422,ronaldinho,7aff9613f1.jpg
1423,ronaldinho,7ba0d58f5d.jpg
1424,ronaldinho,7cf1e879c2.jpg
1425,ronaldinho,7e07cd00b7.jpg
1426,ronaldinho,7e8a3e48bd.jpg
1427,ronaldinho,7f401d9895.jpg
1428,ronaldinho,7fc37c1f92.jpg
1429,ronaldinho,81694f3507.jpg
1430,ronaldinho,81b3e28c3e.jpg
1431,ronaldinho,8280e43685.jpg
1432,ronaldinho,83310ec033.jpg
1433,ronaldinho,836038ed42.jpg
1434,ronaldinho,845e6cb153.jpg
1435,ronaldinho,8469752d0c.jpg
1436,ronaldinho,861f3d3ac6.jpg
1437,ronaldinho,86253fa1c3.jpg
1438,ronaldinho,86e49cdc9f.jpg
1439,ronaldinho,88b1419834.jpg
1440,ronaldinho,8bb83ed792.jpg
1441,ronaldinho,8bf6bbc27d.jpg
1442,ronaldinho,8c6d849ef4.jpg
1443,ronaldinho,8c7822a9a9.jpg
1444,ronaldinho,8e773ed067.jpg
1445,ronaldinho,8f510b6a38.jpg
1446,ronaldinho,90af67291e.jpg
1447,ronaldinho,90f53f4dd4.jpg
1448,ronaldinho,924283178a.jpg
1449,ronaldinho,928258e646.jpg
1450,ronaldinho,93aec3d85f.jpg
1451,ronaldinho,950d292416.jpg
1452,ronaldinho,953de5e3ae.jpg
1453,ronaldinho,95a96c6ed5.jpg
1454,ronaldinho,95f24aa97f.jpg
1455,ronaldinho,960944e41f.jpg
1456,ronaldinho,96bf521379.jpg
1457,ronaldinho,97433324d6.jpg
1458,ronaldinho,978bc65be6.jpg
1459,ronaldinho,9a736dbb84.jpg
1460,ronaldinho,9aa5de8630.jpg
1461,ronaldinho,9b67f6c3c6.jpg
1462,ronaldinho,9c684c4185.jpg
1463,ronaldinho,9e362cbe57.jpg
1464,ronaldinho,9e6ace27fe.jpg
1465,ronaldinho,9e7c3fa610.jpg
1466,ronaldinho,a1947a665c.jpg
1467,ronaldinho,a21816ab43.jpg
1468,ronaldinho,a2e3f409a7.jpg
1469,ronaldinho,a394153d1f.jpg
1470,ronaldinho,a3a32a48c0.jpg
1471,ronaldinho,a49166dab6.jpg
1472,ronaldinho,a4b7ee75c6.jpg
1473,ronaldinho,a58bef4c72.jpg
1474,ronaldinho,a5afdd4d55.jpg
1475,ronaldinho,a5e2eab967.jpg
1476,ronaldinho,a696da1a96.jpg
1477,ronaldinho,aa0c571068.jpg
1478,ronaldinho,aa6279d669.jpg
1479,ronaldinho,aac6bbd82c.jpg
1480,ronaldinho,aad8bf1c99.jpg
1481,ronaldinho,ac487ecdcd.jpg
1482,ronaldinho,ac572f3918.jpg
1483,ronaldinho,ac7c159b7b.jpg
1484,ronaldinho,ac9cc926b5.jpg
1485,ronaldinho,aea8013d58.jpg
1486,ronaldinho,b088882b2a.jpg
1487,ronaldinho,b1956d86d9.jpg
1488,ronaldinho,b21b14e36b.jpg
1489,ronaldinho,b3aaba921d.jpg
1490,ronaldinho,b3ed34e4ab.jpg
1491,ronaldinho,b5196dedc0.jpg
1492,ronaldinho,b52adb3068.jpg
1493,ronaldinho,b6b4d688dd.jpg
1494,ronaldinho,b7ebe32915.jpg
1495,ronaldinho,b7f5d2f2c0.jpg
1496,ronaldinho,bdb28a1b95.jpg
1497,ronaldinho,be0d3f0575.jpg
1498,ronaldinho,be6957abe1.jpg
1499,ronaldinho,be9622e38c.jpg
1500,ronaldinho,c013638072.jpg
1501,ronaldinho,c16c86d8c0.jpg
1502,ronaldinho,c1731a8419.jpg
1503,ronaldinho,c17587cb97.jpg
1504,ronaldinho,c1d6558c06.jpg
1505,ronaldinho,c347a122e7.jpg
1506,ronaldinho,c60124d432.jpg
1507,ronaldinho,c609dd6dc0.jpg
1508,ronaldinho,c662649ddc.jpg
1509,ronaldinho,c6d66d2372.jpg
1510,ronaldinho,c729054080.jpg
1511,ronaldinho,c821cbaa18.jpg
1512,ronaldinho,c84919d382.jpg
1513,ronaldinho,c9219676cc.jpg
1514,ronaldinho,c947eed152.jpg
1515,ronaldinho,ca9bf20f5f.jpg
1516,ronaldinho,cb0d3a81ad.jpg
1517,ronaldinho,cba6add6f8.jpg
1518,ronaldinho,cc1e1c3fe1.jpg
1519,ronaldinho,cc279c1e09.jpg
1520,ronaldinho,cce5716954.jpg
1521,ronaldinho,cd2bee7599.jpg
1522,ronaldinho,ce237dabd3.jpg
1523,ronaldinho,ce3a38c2a4.jpg
1524,ronaldinho,cf2543f1a1.jpg
1525,ronaldinho,d0696c9c47.jpg
1526,ronaldinho,d0d045582f.jpg
1527,ronaldinho,d1ed027175.jpg
1528,ronaldinho,d3632dbc5f.jpg
1529,ronaldinho,d3b2449e02.jpg
1530,ronaldinho,d4efeee81a.jpg
1531,ronaldinho,d5280a2ae8.jpg
1532,ronaldinho,d5e3a6c655.jpg
1533,ronaldinho,d6d5b9dad3.jpg
1534,ronaldinho,d785780252.jpg
1535,ronaldinho,d8e84ff7e2.jpg
1536,ronaldinho,de5cfa55fe.jpg
1537,ronaldinho,e15f9340b9.jpg
1538,ronaldinho,e172358a11.jpg
1539,ronaldinho,e2328d252d.jpg
1540,ronaldinho,e2d2816e63.jpg
1541,ronaldinho,e331542552.jpg
1542,ronaldinho,e36a3f28d8.jpg
1543,ronaldinho,e373fa07ef.jpg
1544,ronaldinho,e3b33e57af.jpg
1545,ronaldinho,e5064616fc.jpg
1546,ronaldinho,e5091a34d2.jpg
1547,ronaldinho,e55198cd2f.jpg
1548,ronaldinho,e5585cd28e.jpg
1549,ronaldinho,e580a46f15.jpg
1550,ronaldinho,e5ccba9bb6.jpg
1551,ronaldinho,e603549911.jpg
1552,ronaldinho,e60e637069.jpg
1553,ronaldinho,e7729e316a.jpg
1554,ronaldinho,e8628e2481.jpg
1555,ronaldinho,e8d1ac451b.jpg
1556,ronaldinho,e97413e287.jpg
1557,ronaldinho,e9f59d425e.jpg
1558,ronaldinho,ea48f4be76.jpg
1559,ronaldinho,eb2240fff6.jpg
1560,ronaldinho,ebc5b6423e.jpg
1561,ronaldinho,ebe1c5b022.jpg
1562,ronaldinho,ec4b01cc1d.jpg
1563,ronaldinho,ec7328bd63.jpg
1564,ronaldinho,eca6e333ae.jpg
1565,ronaldinho,ecd7668025.jpg
1566,ronaldinho,ed6d80c51e.jpg
1567,ronaldinho,edc1f6ffa6.jpg
1568,ronaldinho,eed1640c36.jpg
1569,ronaldinho,f03007f241.jpg
1570,ronaldinho,f079a2b974.jpg
1571,ronaldinho,f0f16cf723.jpg
1572,ronaldinho,f1809468ee.jpg
1573,ronaldinho,f222cbbc95.jpg
1574,ronaldinho,f4a553b9ad.jpg
1575,ronaldinho,f5d75729fe.jpg
1576,ronaldinho,f6b750a5dd.jpg
1577,ronaldinho,f710d1a90f.jpg
1578,ronaldinho,f7fb127dea.jpg
1579,ronaldinho,f8ce372c8b.jpg
1580,ronaldinho,f93dddba5b.jpg
1581,ronaldinho,fa846b7aa3.jpg
1582,ronaldinho,fadb223a18.jpg
1583,ronaldinho,fcf2dbe624.jpg
1584,ronaldinho,fd242e3f26.jpg
1585,ronaldinho,fdc86edb8e.jpg
1586,ronaldinho,ff5f2c52de.jpg
1587,ronaldinho,ffe4e205dd.jpg
1588,zlatan_ibrahimovic,012f2d5a9a.jpg
1589,zlatan_ibrahimovic,01435256d0.jpg
1590,zlatan_ibrahimovic,0193db9610.jpg
1591,zlatan_ibrahimovic,036a1c13f6.jpg
1592,zlatan_ibrahimovic,046a48af37.jpg
1593,zlatan_ibrahimovic,05bf8bb281.jpg
1594,zlatan_ibrahimovic,05fc37dbd3.jpg
1595,zlatan_ibrahimovic,066008281b.jpg
1596,zlatan_ibrahimovic,06605a1e48.jpg
1597,zlatan_ibrahimovic,067769b8c0.jpg
1598,zlatan_ibrahimovic,077bacf653.jpg
1599,zlatan_ibrahimovic,07f186e21e.jpg
1600,zlatan_ibrahimovic,0ab8340b18.jpg
1601,zlatan_ibrahimovic,0af4e5673a.jpg
1602,zlatan_ibrahimovic,0b7e77a55e.jpg
1603,zlatan_ibrahimovic,0baf4c67d2.jpg
1604,zlatan_ibrahimovic,0c2c55d683.jpg
1605,zlatan_ibrahimovic,0de543e330.jpg
1606,zlatan_ibrahimovic,0e231769ed.jpg
1607,zlatan_ibrahimovic,0e546ac5a3.jpg
1608,zlatan_ibrahimovic,10a7270102.jpg
1609,zlatan_ibrahimovic,11ad583bbd.jpg
1610,zlatan_ibrahimovic,11c82454fe.jpg
1611,zlatan_ibrahimovic,121401d85d.jpg
1612,zlatan_ibrahimovic,12dc1e759a.jpg
1613,zlatan_ibrahimovic,13851c4275.jpg
1614,zlatan_ibrahimovic,15112ef2c8.jpg
1615,zlatan_ibrahimovic,15b0880d01.jpg
1616,zlatan_ibrahimovic,1603775d05.jpg
1617,zlatan_ibrahimovic,166b6c0317.jpg
1618,zlatan_ibrahimovic,16d35eb2a6.jpg
1619,zlatan_ibrahimovic,16ded47c91.jpg
1620,zlatan_ibrahimovic,17e3427ed8.jpg
1621,zlatan_ibrahimovic,18240f70a1.jpg
1622,zlatan_ibrahimovic,18412cc44a.jpg
1623,zlatan_ibrahimovic,1898d91203.jpg
1624,zlatan_ibrahimovic,19288ab180.jpg
1625,zlatan_ibrahimovic,19c7b64600.jpg
1626,zlatan_ibrahimovic,1a2d3302c4.jpg
1627,zlatan_ibrahimovic,1aaa739f00.jpg
1628,zlatan_ibrahimovic,1dc3eb0916.jpg
1629,zlatan_ibrahimovic,1e67e09f2b.jpg
1630,zlatan_ibrahimovic,1ec46707f3.jpg
1631,zlatan_ibrahimovic,20451d66e2.jpg
1632,zlatan_ibrahimovic,20ef39f71b.jpg
1633,zlatan_ibrahimovic,22010d536f.jpg
1634,zlatan_ibrahimovic,2277d67417.jpg
1635,zlatan_ibrahimovic,2437c2d2d8.jpg
1636,zlatan_ibrahimovic,24ed148051.jpg
1637,zlatan_ibrahimovic,2522607654.jpg
1638,zlatan_ibrahimovic,262eb88a82.jpg
1639,zlatan_ibrahimovic,2663bb16e5.jpg
1640,zlatan_ibrahimovic,26dcaf7de8.jpg
1641,zlatan_ibrahimovic,2708745a88.jpg
1642,zlatan_ibrahimovic,27b5d61109.jpg
1643,zlatan_ibrahimovic,28aa9b4ec6.jpg
1644,zlatan_ibrahimovic,28c8177d0d.jpg
1645,zlatan_ibrahimovic,29a22633d0.jpg
1646,zlatan_ibrahimovic,29b9983b4b.jpg
1647,zlatan_ibrahimovic,29d7307685.jpg
1648,zlatan_ibrahimovic,2a36d41fcc.jpg
1649,zlatan_ibrahimovic,2a77c1fab7.jpg
1650,zlatan_ibrahimovic,2a86f72855.jpg
1651,zlatan_ibrahimovic,2c459b53e9.jpg
1652,zlatan_ibrahimovic,2d372bbcfd.jpg
1653,zlatan_ibrahimovic,2f754ff236.jpg
1654,zlatan_ibrahimovic,2f9f9ce86c.jpg
1655,zlatan_ibrahimovic,2fe120dd83.jpg
1656,zlatan_ibrahimovic,309ea73096.jpg
1657,zlatan_ibrahimovic,323065daa1.jpg
1658,zlatan_ibrahimovic,33a3117e07.jpg
1659,zlatan_ibrahimovic,33b105cfb8.jpg
1660,zlatan_ibrahimovic,33eb99224f.jpg
1661,zlatan_ibrahimovic,34465922fb.jpg
1662,zlatan_ibrahimovic,34a8ac256c.jpg
1663,zlatan_ibrahimovic,34b78992f9.jpg
1664,zlatan_ibrahimovic,355b4e5386.jpg
1665,zlatan_ibrahimovic,355b82c176.jpg
1666,zlatan_ibrahimovic,360799f341.jpg
1667,zlatan_ibrahimovic,36cb62c936.jpg
1668,zlatan_ibrahimovic,37d9bc8e68.jpg
1669,zlatan_ibrahimovic,38e727732d.jpg
1670,zlatan_ibrahimovic,3a0117cc94.jpg
1671,zlatan_ibrahimovic,3b81d4e72a.jpg
1672,zlatan_ibrahimovic,3c0ed64d7b.jpg
1673,zlatan_ibrahimovic,3d0db7565d.jpg
1674,zlatan_ibrahimovic,3dc2680a27.jpg
1675,zlatan_ibrahimovic,3f347a65f9.jpg
1676,zlatan_ibrahimovic,3fd5557b33.jpg
1677,zlatan_ibrahimovic,401f239389.jpg
1678,zlatan_ibrahimovic,4197fbd51c.jpg
1679,zlatan_ibrahimovic,446d5ea0e1.jpg
1680,zlatan_ibrahimovic,45afad1a60.jpg
1681,zlatan_ibrahimovic,45e4053b2e.jpg
1682,zlatan_ibrahimovic,466ea0e2ff.jpg
1683,zlatan_ibrahimovic,467deff6f7.jpg
1684,zlatan_ibrahimovic,46aaef8571.jpg
1685,zlatan_ibrahimovic,49edb7e1dd.jpg
1686,zlatan_ibrahimovic,4aa15c990a.jpg
1687,zlatan_ibrahimovic,4bc2e50e25.jpg
1688,zlatan_ibrahimovic,4c311439b8.jpg
1689,zlatan_ibrahimovic,4c4c6cf2ac.jpg
1690,zlatan_ibrahimovic,4cc959944a.jpg
1691,zlatan_ibrahimovic,4dc189b891.jpg
1692,zlatan_ibrahimovic,4f24a69f2a.jpg
1693,zlatan_ibrahimovic,50f9768c80.jpg
1694,zlatan_ibrahimovic,51547581c8.jpg
1695,zlatan_ibrahimovic,519c736ef1.jpg
1696,zlatan_ibrahimovic,52611d0160.jpg
1697,zlatan_ibrahimovic,52f30b687f.jpg
1698,zlatan_ibrahimovic,5360cbfd06.jpg
1699,zlatan_ibrahimovic,5531de7221.jpg
1700,zlatan_ibrahimovic,562c7cabdf.jpg
1701,zlatan_ibrahimovic,56e17e4194.jpg
1702,zlatan_ibrahimovic,580e28243c.jpg
1703,zlatan_ibrahimovic,58b27d95a3.jpg
1704,zlatan_ibrahimovic,58d14184bc.jpg
1705,zlatan_ibrahimovic,592a7729ba.jpg
1706,zlatan_ibrahimovic,5994771eb7.jpg
1707,zlatan_ibrahimovic,5ada36c770.jpg
1708,zlatan_ibrahimovic,5ba2e3f749.jpg
1709,zlatan_ibrahimovic,5cef49d18a.jpg
1710,zlatan_ibrahimovic,5da7211b35.jpg
1711,zlatan_ibrahimovic,5eb0b5ee54.jpg
1712,zlatan_ibrahimovic,5fcbaef26b.jpg
1713,zlatan_ibrahimovic,60657181d3.jpg
1714,zlatan_ibrahimovic,609a034741.jpg
1715,zlatan_ibrahimovic,61cc1747a1.jpg
1716,zlatan_ibrahimovic,61e49adf38.jpg
1717,zlatan_ibrahimovic,6238d6fe54.jpg
1718,zlatan_ibrahimovic,62a8088659.jpg
1719,zlatan_ibrahimovic,64d5403ef1.jpg
1720,zlatan_ibrahimovic,64e8a9ef11.jpg
1721,zlatan_ibrahimovic,6510a06aba.jpg
1722,zlatan_ibrahimovic,6612474db2.jpg
1723,zlatan_ibrahimovic,673d024cfc.jpg
1724,zlatan_ibrahimovic,679172b6f6.jpg
1725,zlatan_ibrahimovic,68087a1574.jpg
1726,zlatan_ibrahimovic,6847b80040.jpg
1727,zlatan_ibrahimovic,685bba1fe5.jpg
1728,zlatan_ibrahimovic,6902d80d36.jpg
1729,zlatan_ibrahimovic,6ad0622abf.jpg
1730,zlatan_ibrahimovic,6b6e7c9d6c.jpg
1731,zlatan_ibrahimovic,6b84cfc252.jpg
1732,zlatan_ibrahimovic,6d81815f1d.jpg
1733,zlatan_ibrahimovic,6db426d7be.jpg
1734,zlatan_ibrahimovic,6eac376fdf.jpg
1735,zlatan_ibrahimovic,6f3e2f9e3f.jpg
1736,zlatan_ibrahimovic,6f9ae18a78.jpg
1737,zlatan_ibrahimovic,7027b39555.jpg
1738,zlatan_ibrahimovic,70333e0c01.jpg
1739,zlatan_ibrahimovic,70913aa354.jpg
1740,zlatan_ibrahimovic,70c9521b72.jpg
1741,zlatan_ibrahimovic,721bf9bedf.jpg
1742,zlatan_ibrahimovic,7232526069.jpg
1743,zlatan_ibrahimovic,727ad645e1.jpg
1744,zlatan_ibrahimovic,7286f58d86.jpg
1745,zlatan_ibrahimovic,780202248b.jpg
1746,zlatan_ibrahimovic,7853135428.jpg
1747,zlatan_ibrahimovic,78b28ed374.jpg
1748,zlatan_ibrahimovic,798bf84cb8.jpg
1749,zlatan_ibrahimovic,79e6cf94b3.jpg
1750,zlatan_ibrahimovic,79f3ad1898.jpg
1751,zlatan_ibrahimovic,7b6feb5b3c.jpg
1752,zlatan_ibrahimovic,7d708a4da7.jpg
1753,zlatan_ibrahimovic,7dcfc6fd6f.jpg
1754,zlatan_ibrahimovic,7e3aaf36fb.jpg
1755,zlatan_ibrahimovic,7eccf22f7f.jpg
1756,zlatan_ibrahimovic,7f0c3bfb6c.jpg
1757,zlatan_ibrahimovic,7f2078df25.jpg
1758,zlatan_ibrahimovic,7fa96ad177.jpg
1759,zlatan_ibrahimovic,7fd8015e99.jpg
1760,zlatan_ibrahimovic,805bf34dda.jpg
1761,zlatan_ibrahimovic,8075409764.jpg
1762,zlatan_ibrahimovic,810bbfa5c9.jpg
1763,zlatan_ibrahimovic,81c32cfa5f.jpg
1764,zlatan_ibrahimovic,823b7c891d.jpg
1765,zlatan_ibrahimovic,826c5e98ea.jpg
1766,zlatan_ibrahimovic,8373ba3ba4.jpg
1767,zlatan_ibrahimovic,837920d2cd.jpg
1768,zlatan_ibrahimovic,83d88da542.jpg
1769,zlatan_ibrahimovic,83eba5eff0.jpg
1770,zlatan_ibrahimovic,84c364a2b6.jpg
1771,zlatan_ibrahimovic,872a379982.jpg
1772,zlatan_ibrahimovic,8750d762f0.jpg
1773,zlatan_ibrahimovic,875bc06a73.jpg
1774,zlatan_ibrahimovic,885578ec2e.jpg
1775,zlatan_ibrahimovic,88acca6485.jpg
1776,zlatan_ibrahimovic,89440a0d75.jpg
1777,zlatan_ibrahimovic,8a020537a9.jpg
1778,zlatan_ibrahimovic,8a499728e7.jpg
1779,zlatan_ibrahimovic,8b119ce087.jpg
1780,zlatan_ibrahimovic,8b49e56808.jpg
1781,zlatan_ibrahimovic,8c0f8d7ef7.jpg
1782,zlatan_ibrahimovic,8c7ceebd84.jpg
1783,zlatan_ibrahimovic,8d8abc0ce4.jpg
1784,zlatan_ibrahimovic,8d8d99cfd5.jpg
1785,zlatan_ibrahimovic,8d9d1ab8d6.jpg
1786,zlatan_ibrahimovic,8de6ff085f.jpg
1787,zlatan_ibrahimovic,8dfa24ed66.jpg
1788,zlatan_ibrahimovic,8e1524d7cd.jpg
1789,zlatan_ibrahimovic,8f96116dca.jpg
1790,zlatan_ibrahimovic,8fa0d5e7ce.jpg
1791,zlatan_ibrahimovic,913ec305a0.jpg
1792,zlatan_ibrahimovic,917f1cbfef.jpg
1793,zlatan_ibrahimovic,9183b88b45.jpg
1794,zlatan_ibrahimovic,91ee2f1441.jpg
1795,zlatan_ibrahimovic,93441ac74a.jpg
1796,zlatan_ibrahimovic,950b23296f.jpg
1797,zlatan_ibrahimovic,95562adce6.jpg
1798,zlatan_ibrahimovic,967440e4fa.jpg
1799,zlatan_ibrahimovic,9782b14caf.jpg
1800,zlatan_ibrahimovic,97ccb32dfd.jpg
1801,zlatan_ibrahimovic,97cd1ece8b.jpg
1802,zlatan_ibrahimovic,986dff1eb9.jpg
1803,zlatan_ibrahimovic,98747403cd.jpg
1804,zlatan_ibrahimovic,9882ed854c.jpg
1805,zlatan_ibrahimovic,98f27e9ebb.jpg
1806,zlatan_ibrahimovic,9cf9e56539.jpg
1807,zlatan_ibrahimovic,9d3c7abab0.jpg
1808,zlatan_ibrahimovic,9d83c367ef.jpg
1809,zlatan_ibrahimovic,9d8de5fbf0.jpg
1810,zlatan_ibrahimovic,9da14e94f0.jpg
1811,zlatan_ibrahimovic,9f38255f57.jpg
1812,zlatan_ibrahimovic,a091cb10cd.jpg
1813,zlatan_ibrahimovic,a0e38f580b.jpg
1814,zlatan_ibrahimovic,a1dd3594cd.jpg
1815,zlatan_ibrahimovic,a2c981ca79.jpg
1816,zlatan_ibrahimovic,a3bfe446f0.jpg
1817,zlatan_ibrahimovic,a47cb0191f.jpg
1818,zlatan_ibrahimovic,a4cf65c169.jpg
1819,zlatan_ibrahimovic,a51117b998.jpg
1820,zlatan_ibrahimovic,a5c7b6a3dd.jpg
1821,zlatan_ibrahimovic,a6cc24374b.jpg
1822,zlatan_ibrahimovic,a8cbff607a.jpg
1823,zlatan_ibrahimovic,aadb678a88.jpg
1824,zlatan_ibrahimovic,ab49d5cf25.jpg
1825,zlatan_ibrahimovic,ac97ece39e.jpg
1826,zlatan_ibrahimovic,acccb2f84d.jpg
1827,zlatan_ibrahimovic,adb06685c9.jpg
1828,zlatan_ibrahimovic,ae70d631c8.jpg
1829,zlatan_ibrahimovic,aec665775f.jpg
1830,zlatan_ibrahimovic,af52011dbf.jpg
1831,zlatan_ibrahimovic,b046b89c63.jpg
1832,zlatan_ibrahimovic,b11c0cc0d6.jpg
1833,zlatan_ibrahimovic,b14b255b15.jpg
1834,zlatan_ibrahimovic,b2e84a6d23.jpg
1835,zlatan_ibrahimovic,b39a04f548.jpg
1836,zlatan_ibrahimovic,b65d8d7f03.jpg
1837,zlatan_ibrahimovic,b800fdfa74.jpg
1838,zlatan_ibrahimovic,b82d997b98.jpg
1839,zlatan_ibrahimovic,b859674522.jpg
1840,zlatan_ibrahimovic,b91e1706eb.jpg
1841,zlatan_ibrahimovic,b965bc7cc0.jpg
1842,zlatan_ibrahimovic,ba64605e4a.jpg
1843,zlatan_ibrahimovic,baae8c1fdc.jpg
1844,zlatan_ibrahimovic,bac925db76.jpg
1845,zlatan_ibrahimovic,bba2c9e00a.jpg
1846,zlatan_ibrahimovic,bbf50241c2.jpg
1847,zlatan_ibrahimovic,bd577d273f.jpg
1848,zlatan_ibrahimovic,bf6dc42778.jpg
1849,zlatan_ibrahimovic,bf7f475b95.jpg
1850,zlatan_ibrahimovic,bfbacc71e7.jpg
1851,zlatan_ibrahimovic,c1b95ee0d2.jpg
1852,zlatan_ibrahimovic,c1c1cc7413.jpg
1853,zlatan_ibrahimovic,c2befd5a3b.jpg
1854,zlatan_ibrahimovic,c38c42153c.jpg
1855,zlatan_ibrahimovic,c44a7496ad.jpg
1856,zlatan_ibrahimovic,c60dffaf39.jpg
1857,zlatan_ibrahimovic,c62be0ab8a.jpg
1858,zlatan_ibrahimovic,c6dddf85e1.jpg
1859,zlatan_ibrahimovic,c75997e53c.jpg
1860,zlatan_ibrahimovic,c867c96de7.jpg
1861,zlatan_ibrahimovic,c8a0cb3abf.jpg
1862,zlatan_ibrahimovic,c8a66e786b.jpg
1863,zlatan_ibrahimovic,c93f88f87a.jpg
1864,zlatan_ibrahimovic,cad4dda653.jpg
1865,zlatan_ibrahimovic,cb987624c5.jpg
1866,zlatan_ibrahimovic,cbeafd4e5e.jpg
1867,zlatan_ibrahimovic,cc5fe8eddb.jpg
1868,zlatan_ibrahimovic,cc7941ea6a.jpg
1869,zlatan_ibrahimovic,ccb0da4824.jpg
1870,zlatan_ibrahimovic,ccea3cc2bd.jpg
1871,zlatan_ibrahimovic,cd5043ea7b.jpg
1872,zlatan_ibrahimovic,cf2b59be7c.jpg
1873,zlatan_ibrahimovic,cf4f92ddd5.jpg
1874,zlatan_ibrahimovic,cfb9bbf1b5.jpg
1875,zlatan_ibrahimovic,d1dc46e44b.jpg
1876,zlatan_ibrahimovic,d22d86907e.jpg
1877,zlatan_ibrahimovic,d29d4b8e8c.jpg
1878,zlatan_ibrahimovic,d536cff387.jpg
1879,zlatan_ibrahimovic,d6cbd69874.jpg
1880,zlatan_ibrahimovic,d6ce8b828f.jpg
1881,zlatan_ibrahimovic,d8aa47299f.jpg
1882,zlatan_ibrahimovic,d9747eb0a0.jpg
1883,zlatan_ibrahimovic,da35a72bac.jpg
1884,zlatan_ibrahimovic,db02bf9f8b.jpg
1885,zlatan_ibrahimovic,dbd4e177f6.jpg
1886,zlatan_ibrahimovic,dc008b6b82.jpg
1887,zlatan_ibrahimovic,dcbf7cfa47.jpg
1888,zlatan_ibrahimovic,dcfe1a3f0c.jpg
1889,zlatan_ibrahimovic,dd9fc804f6.jpg
1890,zlatan_ibrahimovic,de5b5af465.jpg
1891,zlatan_ibrahimovic,e037417f26.jpg
1892,zlatan_ibrahimovic,e06e424f52.jpg
1893,zlatan_ibrahimovic,e0b9e86826.jpg
1894,zlatan_ibrahimovic,e0e17ed7d9.jpg
1895,zlatan_ibrahimovic,e27fc0fc83.jpg
1896,zlatan_ibrahimovic,e47979911d.jpg
1897,zlatan_ibrahimovic,e495dd3ab7.jpg
1898,zlatan_ibrahimovic,e59af625e5.jpg
1899,zlatan_ibrahimovic,e652c460a6.jpg
1900,zlatan_ibrahimovic,e6c39e36e0.jpg
1901,zlatan_ibrahimovic,e783a9f5ef.jpg
1902,zlatan_ibrahimovic,e7ac35ce83.jpg
1903,zlatan_ibrahimovic,e922eb982b.jpg
1904,zlatan_ibrahimovic,e9c715f2af.jpg
1905,zlatan_ibrahimovic,ea3ff47f71.jpg
1906,zlatan_ibrahimovic,ea9aef6a82.jpg
1907,zlatan_ibrahimovic,ebcf43c021.jpg
1908,zlatan_ibrahimovic,ec9252c6ce.jpg
1909,zlatan_ibrahimovic,edf8a2c483.jpg
1910,zlatan_ibrahimovic,ee126e104e.jpg
1911,zlatan_ibrahimovic,ee22966a99.jpg
1912,zlatan_ibrahimovic,ef1b9c5d20.jpg
1913,zlatan_ibrahimovic,ef8070cb89.jpg
1914,zlatan_ibrahimovic,ef95c329e5.jpg
1915,zlatan_ibrahimovic,f1727a2cf2.jpg
1916,zlatan_ibrahimovic,f29034a045.jpg
1917,zlatan_ibrahimovic,f2e31dcf71.jpg
1918,zlatan_ibrahimovic,f35d4ac467.jpg
1919,zlatan_ibrahimovic,f49b44006a.jpg
1920,zlatan_ibrahimovic,f51610caba.jpg
1921,zlatan_ibrahimovic,f59b55cbb9.jpg
1922,zlatan_ibrahimovic,f5ef727122.jpg
1923,zlatan_ibrahimovic,f5ef88bd47.jpg
1924,zlatan_ibrahimovic,f66df1ea36.jpg
1925,zlatan_ibrahimovic,f73ca4a2e2.jpg
1926,zlatan_ibrahimovic,f7a77cb86f.jpg
1927,zlatan_ibrahimovic,f7fb51e5fb.jpg
1928,zlatan_ibrahimovic,fad65dd278.jpg
1929,zlatan_ibrahimovic,fbb5763678.jpg
1930,zlatan_ibrahimovic,fde3265e2f.jpg
1931,zlatan_ibrahimovic,fe7fddc7e4.jpg
1932,zlatan_ibrahimovic,febf3d67c5.jpg
1933,zlatan_ibrahimovic,fef1b86098.jpg
